[
    {
        "model": "app.contact",
        "pk": 13,
        "fields": {
            "name": "Ing. Ricardo Díaz Martínez",
            "gender": "M",
            "phone": "",
            "email": "",
            "comments": "CI Nº 310.695"
        }
    },
    {
        "model": "app.contractorcontact",
        "fields": {
            "entity": 2,
            "contact": 13,
            "post": "responsable_contratista"
        }
    },
    {
        "model": "app.contact",
        "pk": 14,
        "fields": {
            "name": "Ing. Fernando Marcial Moreno Martínez",
            "gender": "M",
            "phone": "",
            "email": "",
            "comments": "CI Nº 421.518"
        }
    },
    {
        "model": "app.contractorcontact",
        "fields": {
            "entity": 2,
            "contact": 14,
            "post": "responsable_contratista"
        }
    },
    {
        "model": "app.contractor",
        "pk": 2,
        "fields": {
            "name": "CONSORCIO TAPE RORY",
            "contractor_type": "company",
            "address": "John F. Kennedy nº 1083, c/ José A. Flores, Asunción",
            "phone": "(021) 207-699",
            "email": "",
            "comments": "RUC Nº 80055403-3"
        }
    },
    {
        "model": "app.ConstructionContract",
        "pk": 2,
        "fields": {
            "number": "14/2019",
            "comments": "Contrato LI-12008-19-183446 correspondiente al Grupo 2: Caaguazú Centro Nor Oeste de la licitación Nº 01/2019 (364644) asociada al contrato de préstamo 3601/OC-PR",
            "services": ["ejecucion_de_obra"],
            "total_amount_type": "fijo",
            "payment_frequency_type": "mensual",
            "payment_criteria_type": "fijo",
            "bid_request_number": "LPI - 01/2019",
            "bid_request_id": "364644",
            "bid_request_date": "2019-06-04",
            "bid_request_budget": 4967676437,
            "awarding_budget": 4452386597,
            "awarding_percentage_drop": 10.37,
            "awarding_date": "2019-11-15",
            "financing_program": 1,
            "contractor": 2,
            "execution_signature_date": "2019-12-11",
            "execution_certificate_start_date": "2019-12-11",
            "expected_execution_period": 240,
            "warranty_end_date": "2021-12-11",
            "closed": false,
            "creation_user": 1,
            "created_at": "2019-12-01T00:00:00Z",
            "updated_by": 1,
            "updated_at": "2019-12-01T00:00:00Z"
        }
    },
    {
        "model": "app.infrastructure",
        "pk": 5,
        "fields": {
            "locality": "0518001",
            "latitude": -25.232337,
            "longitude": -55.777968,
            "altitude": 100
        }
    },
    {
        "model": "app.provider",
        "pk": 5,
        "fields": {
            "name": "Junta de Saneamiento 3 de Febrero",
            "area": "rural",
            "contacts": [],
            "created_by": 1,
            "created_at": "2019-12-01T00:00:00Z",
            "updated_by": 1,
            "updated_at": "2019-12-01T00:00:00Z"
        }
    },
    {
        "model": "app.project",
        "pk": 5,
        "fields": {
            "description": "Mejoramiento de Sistema de Agua Potable y Unidad Básica Sanitaria (UBS)",
            "code": "2019-AP-005",
            "project_type": "agua",
            "project_class": "mejora",
            "init_date": "2019-11-12",
            "main_infrastructure": 5,
            "provider": 5,
            "construction_contract": 2,
            "linked_localities": ["0518001"],
            "closed": false,
            "creation_user": 1,
            "created_at": "2019-12-01T00:00:00Z",
            "updated_at": "2019-12-01T00:00:00Z"
        }
    },
    {
        "model": "app.infrastructure",
        "pk": 6,
        "fields": {
            "locality": "0503100",
            "latitude": -25.108355,
            "longitude": -56.548956,
            "altitude": 100
        }
    },
    {
        "model": "app.provider",
        "pk": 6,
        "fields": {
            "name": "Junta de Saneamiento Cleto Romero",
            "area": "rural",
            "contacts": [],
            "created_by": 1,
            "created_at": "2019-12-01T00:00:00Z",
            "updated_by": 1,
            "updated_at": "2019-12-01T00:00:00Z"
        }
    },
    {
        "model": "app.contact",
        "pk": 15,
        "fields": {
            "name": "Juana Costa",
            "gender": "F",
            "phone": "",
            "email": "",
            "comments": ""
        }
    },
    {
        "model": "app.providercontact",
        "fields": {
            "entity": 6,
            "contact": 15,
            "post": "presidencia_prestador"
        }
    },
    {
        "model": "app.contact",
        "pk": 16,
        "fields": {
            "name": "Estela Pradera",
            "gender": "F",
            "phone": "",
            "email": "",
            "comments": ""
        }
    },
    {
        "model": "app.providercontact",
        "fields": {
            "entity": 6,
            "contact": 16,
            "post": "tesoreria_prestador"
        }
    },
    {
        "model": "app.contact",
        "pk": 17,
        "fields": {
            "name": "Marcos López",
            "gender": "M",
            "phone": "",
            "email": "",
            "comments": ""
        }
    },
    {
        "model": "app.providercontact",
        "fields": {
            "entity": 6,
            "contact": 17,
            "post": "secretaria_prestador"
        }
    },
    {
        "model": "app.project",
        "pk": 6,
        "fields": {
            "description": "Mejoramiento de Sistema de Agua Potable y Unidad Básica Sanitaria (UBS)",
            "code": "2019-AP-006",
            "project_type": "agua",
            "project_class": "mejora",
            "init_date": "2019-11-12",
            "main_infrastructure": 6,
            "provider": 6,
            "construction_contract": 2,
            "linked_localities": ["0503100"],
            "closed": false,
            "creation_user": 1,
            "created_at": "2019-12-01T00:00:00Z",
            "updated_at": "2019-12-01T00:00:00Z"
        }
    },
    {
        "model": "app.infrastructure",
        "pk": 7,
        "fields": {
            "locality": "0518310",
            "latitude": -25.540492,
            "longitude": -56.776596,
            "altitude": 100
        }
    },
    {
        "model": "app.provider",
        "pk": 7,
        "fields": {
            "name": "Junta de Saneamiento Ko'e Rory",
            "area": "rural",
            "contacts": [],
            "created_by": 1,
            "created_at": "2019-12-01T00:00:00Z",
            "updated_by": 1,
            "updated_at": "2019-12-01T00:00:00Z"
        }
    },
    {
        "model": "app.project",
        "pk": 7,
        "fields": {
            "description": "Nuevo Sistema de Agua Potable y Unidades Básicas Sanitarias(UBS)",
            "code": "2019-AP-007",
            "project_type": "agua",
            "project_class": "nueva_construccion",
            "init_date": "2019-11-12",
            "main_infrastructure": 7,
            "provider": 7,
            "construction_contract": 2,
            "linked_localities": ["0518310"],
            "closed": false,
            "creation_user": 1,
            "created_at": "2019-12-01T00:00:00Z",
            "updated_at": "2019-12-01T00:00:00Z"
        }
    },
    {
        "model": "app.infrastructure",
        "pk": 8,
        "fields": {
            "locality": "0502140",
            "latitude": -25.302632,
            "longitude": -56.050267,
            "altitude": 100
        }
    },
    {
        "model": "app.provider",
        "pk": 8,
        "fields": {
            "name": "Junta de Saneamiento Jakarei 3 Bocas",
            "area": "rural",
            "contacts": [],
            "created_by": 1,
            "created_at": "2019-12-01T00:00:00Z",
            "updated_by": 1,
            "updated_at": "2019-12-01T00:00:00Z"
        }
    },
    {
        "model": "app.project",
        "pk": 8,
        "fields": {
            "description": "Mejoramiento de Sistema de Agua Potable y Unidad Básica Sanitaria (UBS)",
            "code": "2019-AP-008",
            "project_type": "agua",
            "project_class": "mejora",
            "init_date": "2019-11-12",
            "main_infrastructure": 8,
            "provider": 8,
            "construction_contract": 2,
            "linked_localities": ["0502140"],
            "closed": false,
            "creation_user": 1,
            "created_at": "2019-12-01T00:00:00Z",
            "updated_at": "2019-12-01T00:00:00Z"
        }
    },
    {
        "model": "app.infrastructure",
        "pk": 9,
        "fields": {
            "locality": "0519100",
            "latitude": -25.302632,
            "longitude": -56.050267,
            "altitude": 100
        }
    },
    {
        "model": "app.provider",
        "pk": 9,
        "fields": {
            "name": "Junta de Saneamiento Torin Cue",
            "area": "rural",
            "contacts": [],
            "created_by": 1,
            "created_at": "2019-12-01T00:00:00Z",
            "updated_by": 1,
            "updated_at": "2019-12-01T00:00:00Z"
        }
    },
    {
        "model": "app.project",
        "pk": 9,
        "fields": {
            "description": "Nuevo Sistema de Agua Potable y Unidad Básica Sanitaria (UBS)",
            "code": "2019-AP-009",
            "project_type": "agua",
            "project_class": "nueva_construccion",
            "init_date": "2019-11-12",
            "main_infrastructure": 9,
            "provider": 9,
            "construction_contract": 2,
            "linked_localities": ["0519100"],
            "closed": false,
            "creation_user": 1,
            "created_at": "2019-12-01T00:00:00Z",
            "updated_at": "2019-12-01T00:00:00Z"
        }
    },
    {
        "model": "app.infrastructure",
        "pk": 10,
        "fields": {
            "locality": "0511485",
            "latitude": -24.908617,
            "longitude": -55.894753,
            "altitude": 100
        }
    },
    {
        "model": "app.provider",
        "pk": 10,
        "fields": {
            "name": "Junta de Saneamiento Ka'iho 3ra Línea",
            "area": "rural",
            "contacts": [],
            "created_by": 1,
            "created_at": "2019-12-01T00:00:00Z",
            "updated_by": 1,
            "updated_at": "2019-12-01T00:00:00Z"
        }
    },
    {
        "model": "app.project",
        "pk": 10,
        "fields": {
            "description": "Nuevo Sistema de Agua Potable y Unidad Básica Sanitaria (UBS)",
            "code": "2019-AP-010",
            "project_type": "agua",
            "project_class": "nueva_construccion",
            "init_date": "2019-11-12",
            "main_infrastructure": 10,
            "provider": 10,
            "construction_contract": 2,
            "linked_localities": ["0511485"],
            "closed": false,
            "creation_user": 1,
            "created_at": "2019-12-01T00:00:00Z",
            "updated_at": "2019-12-01T00:00:00Z"
        }
    },
    {
        "model": "app.ProjectQuestionnaireInstance",
        "pk": null,
        "fields": {
            "project": 5,
            "questionnaire_instance": 13,
            "questionnaire": "certificacion_mensual"
        }
    },
    {
        "model": "app.ProjectQuestionnaireInstance",
        "pk": null,
        "fields": {
            "project": 5,
            "questionnaire_instance": 14,
            "questionnaire": "certificacion_mensual"
        }
    },
    {
        "model": "app.ProjectQuestionnaireInstance",
        "pk": null,
        "fields": {
            "project": 5,
            "questionnaire_instance": 15,
            "questionnaire": "certificacion_mensual"
        }
    },
    {
        "model": "app.ProjectQuestionnaireInstance",
        "pk": null,
        "fields": {
            "project": 5,
            "questionnaire_instance": 16,
            "questionnaire": "tendido_red_mensual"
        }
    },
    {
        "model": "app.ProjectQuestionnaireInstance",
        "pk": null,
        "fields": {
            "project": 5,
            "questionnaire_instance": 17,
            "questionnaire": "tendido_red_mensual"
        }
    },
    {
        "model": "app.ProjectQuestionnaireInstance",
        "pk": null,
        "fields": {
            "project": 5,
            "questionnaire_instance": 18,
            "questionnaire": "tendido_red_mensual"
        }
    },
    {
        "model": "app.ProjectQuestionnaireInstance",
        "pk": null,
        "fields": {
            "project": 5,
            "questionnaire_instance": 19,
            "questionnaire": "certificacion_mensual"
        }
    },
    {
        "model": "app.ProjectQuestionnaireInstance",
        "pk": null,
        "fields": {
            "project": 5,
            "questionnaire_instance": 20,
            "questionnaire": "tendido_red_mensual"
        }
    },
    {
        "model": "app.ProjectQuestionnaireInstance",
        "pk": null,
        "fields": {
            "project": 5,
            "questionnaire_instance": 21,
            "questionnaire": "certificacion_mensual"
        }
    },
    {
        "model": "app.ContractProject",
        "pk": null,
        "fields": {
            "contract": 2,
            "project": 5,
            "construction": true
        }
    },
    {
        "model": "app.ContractProject",
        "pk": null,
        "fields": {
            "contract": 2,
            "project": 6,
            "construction": true
        }
    },
    {
        "model": "app.ContractProject",
        "pk": null,
        "fields": {
            "contract": 2,
            "project": 7,
            "construction": true
        }
    },
    {
        "model": "app.ContractProject",
        "pk": null,
        "fields": {
            "contract": 2,
            "project": 8,
            "construction": true
        }
    },
    {
        "model": "app.ContractProject",
        "pk": null,
        "fields": {
            "contract": 2,
            "project": 9,
            "construction": true
        }
    },
    {
        "model": "app.ContractProject",
        "pk": null,
        "fields": {
            "contract": 2,
            "project": 10,
            "construction": true
        }
    }
]
