[
    {
        "model": "monitoring.DomainEntry",
        "pk": null,
        "fields": {
            "category": "project_type",
            "key": "agua",
            "value": "Agua Potable"
        }
    },
    {
        "model": "monitoring.DomainEntry",
        "pk": null,
        "fields": {
            "category": "project_class",
            "key": "nueva_construccion",
            "value": "Nueva construcción"
        }
    },
    {
        "model": "monitoring.DomainEntry",
        "pk": null,
        "fields": {
            "category": "project_class",
            "key": "mejora",
            "value": "Mejora"
        }
    },
    {
        "model": "monitoring.DomainEntry",
        "pk": null,
        "fields": {
            "category": "project_class",
            "key": "ampliacion",
            "value": "Ampliación"
        }
    },
    {
        "model": "monitoring.DomainEntry",
        "pk": null,
        "fields": {
            "category": "provider_area",
            "key": "rural",
            "value": "Rural"
        }
    },
    {
        "model": "monitoring.DomainEntry",
        "pk": null,
        "fields": {
            "category": "provider_area",
            "key": "urban",
            "value": "Urbana"
        }
    },
    {
        "model": "monitoring.DomainEntry",
        "pk": null,
        "fields": {
            "category": "contact_post",
            "key": "responsable_supervision_tecnica",
            "value": "Responsable supervisión técnica"
        }
    },
    {
        "model": "monitoring.DomainEntry",
        "pk": null,
        "fields": {
            "category": "contact_post",
            "key": "responsable_supervision_social",
            "value": "Responsable supervisión social"
        }
    },
    {
        "model": "monitoring.DomainEntry",
        "pk": null,
        "fields": {
            "category": "contact_post",
            "key": "representante_comunidad_beneficiaria",
            "value": "Representante de la comunidad beneficiaria"
        }
    },
    {
        "model": "monitoring.DomainEntry",
        "pk": null,
        "fields": {
            "category": "contact_post",
            "key": "miembro_junta_saneamiento",
            "value": "Miembro de la Junta de Saneamiento"
        }
    },
    {
        "model": "monitoring.DomainEntry",
        "pk": null,
        "fields": {
            "category": "contact_post",
            "key": "responsable_contratista",
            "value": "Responsable del contratista"
        }
    },
    {
        "model": "monitoring.DomainEntry",
        "pk": null,
        "fields": {
            "category": "contact_post",
            "key": "residente_obra",
            "value": "Residente de obra"
        }
    },
    {
        "model": "monitoring.DomainEntry",
        "pk": null,
        "fields": {
            "category": "contractor_type",
            "key": "company",
            "value": "Empresa"
        }
    },
    {
        "model": "monitoring.DomainEntry",
        "pk": null,
        "fields": {
            "category": "contractor_type",
            "key": "ngo",
            "value": "ONG"
        }
    },
    {
        "model": "monitoring.DomainEntry",
        "pk": null,
        "fields": {
            "category": "contractor_type",
            "key": "consultant",
            "value": "Consultor/a"
        }
    },
    {
        "model": "monitoring.DomainEntry",
        "pk": null,
        "fields": {
            "category": "contact_post",
            "key": "otro_contacto",
            "value": "Otro contacto"
        }
    },
    {
        "model": "monitoring.financingfund",
        "pk": 1,
        "fields": {
            "name": "BID (Banco Interamericano de Desarrollo"
        }
    },
    {
        "model": "monitoring.financingfund",
        "pk": 1,
        "fields": {
            "name": "BID (Banco Interamericano de Desarrollo)"
        }
    },
    {
        "model": "monitoring.financingfund",
        "pk": 2,
        "fields": {
            "name": "WB (Banco Mundial)"
        }
    },
    {
        "model": "monitoring.financingprogram",
        "pk": 1,
        "fields": {
            "name": "SENASA-BID 2021-2025",
            "financing_fund": 1
        }
    },
    {
        "model": "monitoring.financingprogram",
        "pk": 2,
        "fields": {
            "name": "SENASA-WBN 2019-2022",
            "financing_fund": 2
        }
    },
    {
        "model": "monitoring.infrastructure",
        "pk": 1,
        "fields": {
            "locality": "1507600",
            "latitude": -23.37693,
            "longitude": -57.66498,
            "altitude": 200
        }
    },
    {
        "model": "monitoring.infrastructure",
        "pk": 2,
        "fields": {
            "locality": "1507605",
            "latitude": -23.37693,
            "longitude": -57.66498,
            "altitude": 200
        }
    },
    {
        "model": "monitoring.contact",
        "pk": 1,
        "fields": {
            "name": "Pedro Pérez",
            "post": "responsable_supervision_tecnica",
            "gender": "M",
            "phone": "+11 987987987",
            "email": "pedro@perez.com",
            "comments": "No tiene observaciones"
        }
    },
    {
        "model": "monitoring.contact",
        "pk": 2,
        "fields": {
            "name": "Contacto Junta 1",
            "post": "miembro_junta_saneamiento",
            "gender": "F",
            "phone": "+11 789789789",
            "email": "contacto1@junta.com",
            "comments": "Tiene una observación"
        }
    },
    {
        "model": "monitoring.contact",
        "pk": 3,
        "fields": {
            "name": "Contacto Junta 2",
            "post": "miembro_junta_saneamiento",
            "gender": "M",
            "phone": "+11 456456456",
            "email": "contacto2@junta.com",
            "comments": ""
        }
    },
    {
        "model": "monitoring.contact",
        "pk": 4,
        "fields": {
            "name": "Contacto del contratista 1",
            "post": "responsable_contratista",
            "gender": "M",
            "phone": "+11 111111111",
            "email": "contacto1@contratista.com",
            "comments": ""
        }
    },
    {
        "model": "monitoring.contact",
        "pk": 5,
        "fields": {
            "name": "Contacto del contratista 2",
            "post": "residente_obra",
            "gender": "M",
            "phone": "+11 222333444",
            "email": "contacto2@contratista.com",
            "comments": ""
        }
    },
    {
        "model": "monitoring.provider",
        "pk": 1,
        "fields": {
            "name": "Junta de Saneamiento de Pruebas",
            "area": "rural",
            "locality": "1507600",
            "contacts": [
                2,
                3
            ]
        }
    },
    {
        "model": "monitoring.contractor",
        "pk": 1,
        "fields": {
            "name": "Contratista de pruebas",
            "contractor_type": "company",
            "phone": "+11 456456456",
            "email": "contacto2@junta.com",
            "contacts": [
                4,
                5
            ]
        }
    },
    {
        "model": "monitoring.ConstructionContract",
        "pk": 1,
        "fields": {
            "number": "CO-000001",
            "comments": "Observaciones al contrato",
            "bid_request_number": "BRN-000001",
            "bid_request_id": "BRId-000001",
            "bid_request_date": "2022-01-01",
            "bid_request_budget": 10000,
            "bid_request_deadline": 12,
            "awarding_budget": 80000,
            "awarding_percentage_drop": 20.5,
            "awarding_date": "2022-01-02",
            "contractor": 1,
            "execution_signature_date": "2022-01-03",
            "execution_order_start_date": "2022-01-04",
            "execution_certificate_start_date": "2022-01-05",
            "execution_expected_delivery_date": "2022-01-06",
            "execution_final_delivery_date": "2022-01-07",
            "closed": false,
            "creation_user": 1,
            "created_at": "2019-12-01T00:00:00Z",
            "updated_at": "2019-12-01T00:00:00Z"
        }
    },
    {
        "model": "monitoring.project",
        "pk": 1,
        "fields": {
            "name": "Ycua Porá - Cañada Lourdes",
            "code": "2021-AP-001",
            "project_type": "agua",
            "project_class": "mejora",
            "init_date": "2021-08-10",
            "main_infrastructure": 1,
            "financing_fund": 1,
            "financing_program": 1,
            "provider": 1,
            "construction_contract": 1,
            "linked_localities": [
                "1507620",
                "1507625"
            ],
            "contacts": [
                1,
                2
            ],
            "closed": false,
            "creation_user": 1,
            "created_at": "2021-12-01T00:00:00Z",
            "updated_at": "2021-12-01T00:00:00Z"
        }
    },
    {
        "model": "monitoring.project",
        "pk": 2,
        "fields": {
            "name": "Loma Porá - Cañada Lourdes",
            "code": "2021-AP-002",
            "project_type": "agua",
            "project_class": "ampliacion",
            "init_date": "2020-08-10",
            "main_infrastructure": 2,
            "financing_fund": 1,
            "financing_program": 1,
            "provider": 1,
            "construction_contract": 1,
            "linked_localities": [
                "1507640",
                "1507645"
            ],
            "contacts": [
                1
            ],
            "closed": true,
            "creation_user": 1,
            "created_at": "2019-12-01T00:00:00Z",
            "updated_at": "2019-12-01T00:00:00Z"
        }
    },
    {
        "model": "documents.medianode",
        "pk": 1,
        "fields": {
            "media_name": "2022-AP-001",
            "media_type": "FOLDER",
            "storage_path": "2022-AP-001"
        }
    },
    {
        "model": "documents.medianode",
        "pk": 2,
        "fields": {
            "media_name": "1_Diseño",
            "media_type": "FOLDER",
            "storage_path": "2022-AP-001/1_Diseño",
            "parent": 1
        }
    },
    {
        "model": "documents.medianode",
        "pk": 3,
        "fields": {
            "media_name": "2_Contratación",
            "media_type": "FOLDER",
            "storage_path": "2022-AP-001/2_Contratación",
            "parent": 1
        }
    },
    {
        "model": "documents.medianode",
        "pk": 4,
        "fields": {
            "media_name": "3_Ejecución",
            "media_type": "FOLDER",
            "storage_path": "2022-AP-001/3_Ejecución",
            "parent": 1
        }
    },
    {
        "model": "documents.medianode",
        "pk": 5,
        "fields": {
            "media_name": "4_Post_Construcción",
            "media_type": "FOLDER",
            "storage_path": "2022-AP-001/4_Post_Construcción",
            "parent": 1
        }
    },
    {
        "model": "documents.medianode",
        "pk": 6,
        "fields": {
            "media_name": "Diseño1.jpg",
            "media_type": "DOCUMENT",
            "media_content_type": "image/jpg",
            "storage_path": "2022-AP-001/1_Diseño/Diseño1.jpg",
            "parent": 2
        }
    },
    {
        "model": "documents.medianode",
        "pk": 7,
        "fields": {
            "media_name": "Diseño2.jpg",
            "media_type": "DOCUMENT",
            "media_content_type": "image/jpg",
            "storage_path": "2022-AP-001/1_Diseño/Diseño2.jpg",
            "parent": 2
        }
    },
    {
        "model": "documents.medianode",
        "pk": 8,
        "fields": {
            "media_name": "Diseño3.jpg",
            "media_type": "DOCUMENT",
            "media_content_type": "image/jpg",
            "storage_path": "2022-AP-001/1_Diseño/Diseño3.jpg",
            "parent": 2
        }
    },
    {
        "model": "documents.medianode",
        "pk": 9,
        "fields": {
            "media_name": "DiseñoDocumento.txt",
            "media_type": "DOCUMENT",
            "media_content_type": "text/plain",
            "storage_path": "2022-AP-001/1_Diseño/DiseñoDocumento.txt",
            "parent": 2
        }
    },
    {
        "model": "documents.medianode",
        "pk": 10,
        "fields": {
            "media_name": "1_1_Carpeta_Técnica",
            "media_type": "FOLDER",
            "storage_path": "2022-AP-001/1_Diseño/1_1_Carpeta_Técnica",
            "parent": 2
        }
    },
    {
        "model": "documents.medianode",
        "pk": 11,
        "fields": {
            "media_name": "CarpetaTecnica1.png",
            "media_type": "DOCUMENT",
            "media_content_type": "image/png",
            "storage_path": "2022-AP-001/1_Diseño/1_1_Carpeta_Técnica/CarpetaTecnica1.png",
            "parent": 10
        }
    },
    {
        "model": "documents.medianode",
        "pk": 12,
        "fields": {
            "media_name": "Ejecución1.png",
            "media_type": "DOCUMENT",
            "media_content_type": "image/png",
            "storage_path": "2022-AP-001/3_Ejecución/Ejecución1.png",
            "parent": 4
        }
    }
]
