[
    {
        "model": "app.contact",
        "pk": 1,
        "fields": {
            "name": "Ing. Cinthia Soledad Melgarejo",
            "gender": "F",
            "phone": "",
            "email": "",
            "comments": "CI Nº 2.900.095"
        }
    },
    {
        "model": "app.contractorcontact",
        "fields": {
            "entity": 1,
            "contact": 1,
            "post": "responsable_contratista"
        }
    },
    {
        "model": "app.contact",
        "pk": 2,
        "fields": {
            "name": "Arq. Sebastián Pérez Codas",
            "gender": "M",
            "phone": "",
            "email": "",
            "comments": "CI Nº 2.442.601"
        }
    },
    {
        "model": "app.contractorcontact",
        "fields": {
            "entity": 1,
            "contact": 2,
            "post": "responsable_contratista"
        }
    },
    {
        "model": "app.contractor",
        "pk": 1,
        "fields": {
            "name": "CONSORCIO YSAKA",
            "contractor_type": "company",
            "address": "José Berges nº 676, c/ Rosa Peña, Asunción",
            "phone": "(021) 224-951",
            "email": "",
            "comments": "RUC Nº 80109430-5"
        }
    },
    {
        "model": "app.contact",
        "pk": 3,
        "fields": {
            "name": "Prueba Residente Obra",
            "gender": "F",
            "phone": "(021) 123-123",
            "email": "residente_obra@test.com",
            "comments": "Residente de obra de pruebas",
            "user": 2
        }
    },
    {
        "model": "app.constructioncontractcontact",
        "fields": {
            "entity": 1,
            "contact": 3,
            "post": "residente_obra"
        }
    },
    {
        "model": "app.contact",
        "pk": 4,
        "fields": {
            "name": "Prueba Fiscal de Obra",
            "gender": "M",
            "phone": "(021) 234-234",
            "email": "fiscal_obra@test.com",
            "comments": "Fiscal de obra de pruebas",
            "user": 3
        }
    },
    {
        "model": "app.constructioncontractcontact",
        "fields": {
            "entity": 1,
            "contact": 4,
            "post": "fiscal_obra"
        }
    },
    {
        "model": "app.contact",
        "pk": 5,
        "fields": {
            "name": "Prueba Supervisor de Obra",
            "gender": "M",
            "phone": "(021) 345-345",
            "email": "supervisor_obra@test.com",
            "comments": "Supervisor de obra de pruebas",
            "user": 5
        }
    },
    {
        "model": "app.constructioncontractcontact",
        "fields": {
            "entity": 1,
            "contact": 5,
            "post": "supervisor_obra"
        }
    },
    {
        "model": "app.contact",
        "pk": 6,
        "fields": {
            "name": "Prueba Coordinador Social",
            "gender": "F",
            "phone": "(021) 456-456",
            "email": "coordinador_social@test.com",
            "comments": "Coordinador social de pruebas"
        }
    },
    {
        "model": "app.constructioncontractcontact",
        "fields": {
            "entity": 1,
            "contact": 6,
            "post": "coordinador_social"
        }
    },
    {
        "model": "app.contact",
        "pk": 8,
        "fields": {
            "name": "Prueba Supervisor Social",
            "gender": "F",
            "phone": "(021) 678-678",
            "email": "supervisor_social@test.com",
            "comments": "Supervisor social de pruebas"
        }
    },
    {
        "model": "app.constructioncontractcontact",
        "fields": {
            "entity": 1,
            "contact": 8,
            "post": "supervisor_social"
        }
    },
    {
        "model": "app.ConstructionContract",
        "pk": 1,
        "fields": {
            "number": "13/2019",
            "comments": "Contrato LI-12008-19-183449 correspondiente al Grupo 1: Concepción - San Pedro de la licitación Nº 01/2019 (364644) asociada al contrato de préstamo 3601/OC-PR",
            "services": ["ejecucion_de_obra"],
            "total_amount_type": "maximo_minimo",
            "payment_frequency_type": "no_mensual",
            "payment_criteria_type": "variable",
            "bid_request_number": "LPI - 01/2019",
            "bid_request_id": "364644",
            "bid_request_date": "2019-06-04",
            "bid_request_budget_min": 500000000,
            "bid_request_budget": 700000000,
            "awarding_budget_min": 460000000,
            "awarding_budget": 630000000,
            "awarding_percentage_drop": 7.82,
            "awarding_date": "2019-11-15",
            "financing_program": 1,
            "contractor": 1,
            "execution_signature_date": "2019-12-11",
            "execution_certificate_start_date": "2019-12-11",
            "expected_execution_period": 240,
            "warranty_end_date": "2021-12-11",
            "closed": false,
            "creation_user": 1,
            "created_at": "2019-12-01T00:00:00Z",
            "updated_by": 1,
            "updated_at": "2019-12-01T00:00:00Z"
        }
    },
    {
        "model": "app.infrastructure",
        "pk": 1,
        "fields": {
            "locality": "0104330",
            "latitude": -23.30208,
            "longitude": -57.303074,
            "altitude": 100
        }
    },
    {
        "model": "app.provider",
        "pk": 1,
        "fields": {
            "name": "Junta de Saneamiento Loma Florida Costa Florida",
            "area": "rural",
            "created_by": 1,
            "created_at": "2019-12-01T00:00:00Z",
            "updated_by": 1,
            "updated_at": "2019-12-01T00:00:00Z"
        }
    },
    {
        "model": "app.contact",
        "pk": 9,
        "fields": {
            "name": "María Flores",
            "gender": "F",
            "phone": "",
            "email": "",
            "comments": ""
        }
    },
    {
        "model": "app.providercontact",
        "fields": {
            "entity": 1,
            "contact": 9,
            "post": "presidencia_prestador"
        }
    },
    {
        "model": "app.contact",
        "pk": 10,
        "fields": {
            "name": "Rodrigo García",
            "gender": "M",
            "phone": "",
            "email": "",
            "comments": ""
        }
    },
    {
        "model": "app.providercontact",
        "fields": {
            "entity": 1,
            "contact": 10,
            "post": "tesoreria_prestador"
        }
    },
    {
        "model": "app.contact",
        "pk": 11,
        "fields": {
            "name": "Mercedes Sánchez",
            "gender": "F",
            "phone": "",
            "email": "",
            "comments": ""
        }
    },
    {
        "model": "app.providercontact",
        "fields": {
            "entity": 1,
            "contact": 11,
            "post": "secretaria_prestador"
        }
    },
    {
        "model": "app.contact",
        "pk": 12,
        "fields": {
            "name": "Paula Álvarez",
            "gender": "F",
            "phone": "",
            "email": "",
            "comments": ""
        }
    },
    {
        "model": "app.providercontact",
        "fields": {
            "entity": 1,
            "contact": 12,
            "post": "otra_prestador"
        }
    },
    {
        "model": "app.project",
        "pk": 1,
        "fields": {
            "description": "Nuevo Sistema de Agua Potable y Unidad Básica Sanitaria (UBS)",
            "code": "2019-AP-001",
            "project_type": "agua",
            "project_class": "nueva_construccion",
            "init_date": "2019-11-12",
            "main_infrastructure": 1,
            "provider": 1,
            "construction_contract": 1,
            "linked_localities": ["0104330"],
            "closed": false,
            "creation_user": 1,
            "created_at": "2019-12-01T00:00:00Z",
            "updated_at": "2019-12-01T00:00:00Z"
        }
    },
    {
        "model": "app.infrastructure",
        "pk": 2,
        "fields": {
            "locality": "0104200",
            "latitude": -23.241501,
            "longitude": -57.270258,
            "altitude": 100
        }
    },
    {
        "model": "app.provider",
        "pk": 2,
        "fields": {
            "name": "Junta de Saneamiento Virgen del Camino",
            "area": "rural",
            "contacts": [],
            "created_by": 1,
            "created_at": "2019-12-01T00:00:00Z",
            "updated_by": 1,
            "updated_at": "2019-12-01T00:00:00Z"
        }
    },
    {
        "model": "app.project",
        "pk": 2,
        "fields": {
            "description": "Mejoramiento de Sistema de Agua Potable y Unidad Básica Sanitaria (UBS)",
            "code": "2019-AP-002",
            "project_type": "agua",
            "project_class": "mejora",
            "init_date": "2019-11-12",
            "main_infrastructure": 2,
            "provider": 2,
            "construction_contract": 1,
            "linked_localities": ["0104200"],
            "closed": false,
            "creation_user": 1,
            "created_at": "2019-12-01T00:00:00Z",
            "updated_at": "2019-12-01T00:00:00Z"
        }
    },
    {
        "model": "app.infrastructure",
        "pk": 3,
        "fields": {
            "locality": "0104360",
            "latitude": -23.255259,
            "longitude": -57.224054,
            "altitude": 100
        }
    },
    {
        "model": "app.provider",
        "pk": 3,
        "fields": {
            "name": "Junta de Saneamiento Ycua Porá - Cañada Lourdes",
            "area": "rural",
            "contacts": [],
            "created_by": 1,
            "created_at": "2019-12-01T00:00:00Z",
            "updated_by": 1,
            "updated_at": "2019-12-01T00:00:00Z"
        }
    },
    {
        "model": "app.project",
        "pk": 3,
        "fields": {
            "description": "Nuevo Sistema de Agua Potable y Unidades Básicas Sanitarias(UBS)",
            "code": "2019-AP-003",
            "project_type": "agua",
            "project_class": "nueva_construccion",
            "init_date": "2019-11-12",
            "main_infrastructure": 3,
            "provider": 3,
            "construction_contract": 1,
            "linked_localities": ["0104190", "0104360"],
            "closed": false,
            "creation_user": 1,
            "created_at": "2019-12-01T00:00:00Z",
            "updated_at": "2019-12-01T00:00:00Z"
        }
    },
    {
        "model": "app.infrastructure",
        "pk": 4,
        "fields": {
            "locality": "0218880",
            "latitude": -23.845199,
            "longitude": -56.424334,
            "altitude": 100
        }
    },
    {
        "model": "app.provider",
        "pk": 4,
        "fields": {
            "name": "Junta de Saneamiento San Miguel del Norte",
            "area": "rural",
            "contacts": [],
            "created_by": 1,
            "created_at": "2019-12-01T00:00:00Z",
            "updated_by": 1,
            "updated_at": "2019-12-01T00:00:00Z"
        }
    },
    {
        "model": "app.project",
        "pk": 4,
        "fields": {
            "description": "Mejoramiento de Sistema de Agua Potable y Unidad Básica Sanitaria (UBS)",
            "code": "2019-AP-004",
            "project_type": "agua",
            "project_class": "mejora",
            "init_date": "2019-11-12",
            "main_infrastructure": 4,
            "provider": 4,
            "construction_contract": 1,
            "linked_localities": ["0218880", "0218260"],
            "closed": false,
            "creation_user": 1,
            "created_at": "2019-12-01T00:00:00Z",
            "updated_at": "2019-12-01T00:00:00Z"
        }
    },
    {
        "model": "app.ProjectQuestionnaireInstance",
        "pk": null,
        "fields": {
            "project": 1,
            "questionnaire_instance": 1,
            "questionnaire": "certificacion_mensual"
        }
    },
    {
        "model": "app.ProjectQuestionnaireInstance",
        "pk": null,
        "fields": {
            "project": 1,
            "questionnaire_instance": 2,
            "questionnaire": "certificacion_mensual"
        }
    },
    {
        "model": "app.ProjectQuestionnaireInstance",
        "pk": null,
        "fields": {
            "project": 1,
            "questionnaire_instance": 3,
            "questionnaire": "certificacion_mensual"
        }
    },
    {
        "model": "app.ProjectQuestionnaireInstance",
        "pk": null,
        "fields": {
            "project": 1,
            "questionnaire_instance": 4,
            "questionnaire": "tendido_red_mensual"
        }
    },
    {
        "model": "app.ProjectQuestionnaireInstance",
        "pk": null,
        "fields": {
            "project": 1,
            "questionnaire_instance": 5,
            "questionnaire": "tendido_red_mensual"
        }
    },
    {
        "model": "app.ProjectQuestionnaireInstance",
        "pk": null,
        "fields": {
            "project": 1,
            "questionnaire_instance": 6,
            "questionnaire": "tendido_red_mensual"
        }
    },
    {
        "model": "app.ProjectQuestionnaireInstance",
        "pk": null,
        "fields": {
            "project": 2,
            "questionnaire_instance": 7,
            "questionnaire": "certificacion_mensual"
        }
    },
    {
        "model": "app.ProjectQuestionnaireInstance",
        "pk": null,
        "fields": {
            "project": 2,
            "questionnaire_instance": 8,
            "questionnaire": "certificacion_mensual"
        }
    },
    {
        "model": "app.ProjectQuestionnaireInstance",
        "pk": null,
        "fields": {
            "project": 2,
            "questionnaire_instance": 9,
            "questionnaire": "certificacion_mensual"
        }
    },
    {
        "model": "app.ProjectQuestionnaireInstance",
        "pk": null,
        "fields": {
            "project": 2,
            "questionnaire_instance": 10,
            "questionnaire": "tendido_red_mensual"
        }
    },
    {
        "model": "app.ProjectQuestionnaireInstance",
        "pk": null,
        "fields": {
            "project": 2,
            "questionnaire_instance": 11,
            "questionnaire": "tendido_red_mensual"
        }
    },
    {
        "model": "app.ProjectQuestionnaireInstance",
        "pk": null,
        "fields": {
            "project": 2,
            "questionnaire_instance": 12,
            "questionnaire": "tendido_red_mensual"
        }
    },
    {
        "model": "app.ProjectQuestionnaireInstance",
        "pk": null,
        "fields": {
            "project": 1,
            "questionnaire_instance": 22,
            "questionnaire": "certificacion_mensual"
        }
    },
    {
        "model": "app.payment",
        "pk": 56,
        "fields": {
            "name": "Informe inicial",
            "expected_fixed_amount": 100000000,
            "expected_total_amount": 100000000,
            "expected_payment_date": "2023-09-01",
            "paid_fixed_amount": 100000000,
            "paid_total_amount": 100000000,
            "status": "pagado",
            "payment_date": "2023-09-15",
            "contract": 1,
            "created_by": 1,
            "created_at": "2020-12-01T00:00:00Z",
            "updated_by": 1,
            "updated_at": "2020-12-01T00:00:00Z"
        }
    },
    {
        "model": "app.payment",
        "pk": 57,
        "fields": {
            "name": "Septiembre 2023",
            "expected_fixed_amount": 50000000,
            "expected_total_amount": 50000000,
            "expected_payment_date": "2023-09-01",
            "paid_fixed_amount": null,
            "paid_total_amount": null,
            "status": "anulado",
            "payment_date": null,
            "contract": 1,
            "created_by": 1,
            "created_at": "2020-12-01T00:00:00Z",
            "updated_by": 1,
            "updated_at": "2020-12-01T00:00:00Z"
        }
    },
    {
        "model": "app.payment",
        "pk": 58,
        "fields": {
            "name": "Octubre 2023",
            "expected_fixed_amount": 130000000,
            "expected_total_amount": 130000000,
            "expected_payment_date": "2023-10-01",
            "paid_fixed_amount": 90000000,
            "paid_total_amount": 90000000,
            "status": "pagado",
            "payment_date": "2023-10-15",
            "contract": 1,
            "created_by": 1,
            "created_at": "2020-12-01T00:00:00Z",
            "updated_by": 1,
            "updated_at": "2020-12-01T00:00:00Z"
        }
    },
    {
        "model": "app.payment",
        "pk": 59,
        "fields": {
            "name": "Noviembre 2023",
            "expected_fixed_amount": 150000000,
            "expected_total_amount": 150000000,
            "expected_payment_date": "2023-11-01",
            "paid_fixed_amount": 140000000,
            "paid_total_amount": 140000000,
            "status": "pagado",
            "payment_date": "2023-11-15",
            "contract": 1,
            "created_by": 1,
            "created_at": "2020-12-01T00:00:00Z",
            "updated_by": 1,
            "updated_at": "2020-12-01T00:00:00Z"
        }
    },
    {
        "model": "app.payment",
        "pk": 60,
        "fields": {
            "name": "Diciembre 2023",
            "expected_fixed_amount": 80000000,
            "expected_total_amount": 80000000,
            "expected_payment_date": "2023-12-01",
            "paid_fixed_amount": null,
            "paid_total_amount": null,
            "status": "no_pagado",
            "payment_date": null,
            "contract": 1,
            "created_by": 1,
            "created_at": "2020-12-01T00:00:00Z",
            "updated_by": 1,
            "updated_at": "2020-12-01T00:00:00Z"
        }
    },
    {
        "model": "app.payment",
        "pk": 61,
        "fields": {
            "name": "Enero 2024",
            "expected_fixed_amount": 120000000,
            "expected_total_amount": 120000000,
            "expected_payment_date": "2024-01-01",
            "paid_fixed_amount": null,
            "paid_total_amount": null,
            "status": "no_pagado",
            "payment_date": null,
            "contract": 1,
            "created_by": 1,
            "created_at": "2020-12-01T00:00:00Z",
            "updated_by": 1,
            "updated_at": "2020-12-01T00:00:00Z"
        }
    },
    {
        "model": "app.BuildingComponentValue",
        "pk": 1,
        "fields": {
            "code": "altura",
            "building_component": 1,
            "value": "12"
        }
    },
    {
        "model": "app.BuildingComponentValue",
        "pk": 2,
        "fields": {
            "code": "capacidad",
            "building_component": 1,
            "value": "2400"
        }
    },
    {
        "model": "app.BuildingComponentValue",
        "pk": 3,
        "fields": {
            "code": "profundidad",
            "building_component": 2,
            "value": "76"
        }
    },
    {
        "model": "app.BuildingComponentValue",
        "pk": 4,
        "fields": {
            "code": "estudioHidrogeologico",
            "building_component": 2,
            "value": "True"
        }
    },
    {
        "model": "app.comment",
        "pk": 1,
        "fields": {
            "text": "Comentario de prueba 1 sobre el seguimiento",
            "created_by": 1,
            "created_at": "2020-12-01T00:00:00Z",
            "updated_by": 1,
            "updated_at": "2020-12-01T00:00:00Z"
        }
    },
    {
        "model": "app.comment",
        "pk": 2,
        "fields": {
            "text": "Comentario de prueba 2 sobre el seguimiento",
            "created_by": 2,
            "created_at": "2020-12-01T00:00:00Z",
            "updated_by": 2,
            "updated_at": "2020-12-01T00:00:00Z"
        }
    },
    {
        "model": "app.buildingcomponentmonitoring",
        "pk": 1,
        "fields": {
            "created_at": "2023-11-17T10:14:47.014Z",
            "updated_at": "2023-11-17T10:17:29.145Z",
            "active": true,
            "created_by": 1,
            "updated_by": 1,
            "folder": 9,
            "featured_image": null,
            "featured_document": null,
            "execution_status": "finalizado",
            "quality_status": "bien",
            "expected_amount": 180000000,
            "expected_end_date": "2023-12-24",
            "paid_amount": 245000000,
            "pending_amount": 0,
            "real_end_date": "2023-12-25",
            "physical_progress_percentage": "100.00",
            "building_component": 1,
            "project": 1,
            "comments": [1, 2]
        }
    },
    {
        "model": "app.buildingcomponentmonitoring",
        "pk": 2,
        "fields": {
            "created_at": "2023-11-17T10:14:47.014Z",
            "updated_at": "2023-11-17T10:17:29.145Z",
            "active": true,
            "created_by": 1,
            "updated_by": 1,
            "folder": 10,
            "featured_image": null,
            "featured_document": null,
            "execution_status": "en_proceso",
            "quality_status": "mal",
            "expected_amount": 160000000,
            "expected_end_date": "2023-11-29",
            "paid_amount": 145000000,
            "pending_amount": 70000000,
            "real_end_date": "2023-12-12",
            "physical_progress_percentage": "40.00",
            "building_component": 2,
            "project": 1,
            "comments": []
        }
    },
    {
        "model": "app.buildingcomponentmonitoring",
        "pk": 3,
        "fields": {
            "created_at": "2023-11-17T10:14:47.014Z",
            "updated_at": "2023-11-17T10:17:29.145Z",
            "active": true,
            "created_by": 1,
            "updated_by": 1,
            "folder": 21,
            "featured_image": null,
            "featured_document": null,
            "execution_status": "en_proceso",
            "quality_status": "bien",
            "expected_amount": 220000000,
            "expected_end_date": "2023-11-24",
            "paid_amount": 60000000,
            "pending_amount": 80000000,
            "real_end_date": "2023-11-25",
            "physical_progress_percentage": "100.00",
            "building_component": 3,
            "project": 2,
            "comments": []
        }
    },
    {
        "model": "app.buildingcomponentmonitoring",
        "pk": 4,
        "fields": {
            "created_at": "2023-11-17T10:14:47.014Z",
            "updated_at": "2023-11-17T10:17:29.145Z",
            "active": true,
            "created_by": 1,
            "updated_by": 1,
            "folder": 22,
            "featured_image": null,
            "featured_document": null,
            "execution_status": "en_proceso",
            "quality_status": "regular",
            "expected_amount": 140000000,
            "expected_end_date": "2023-11-29",
            "paid_amount": 70000000,
            "pending_amount": 50000000,
            "real_end_date": "2023-11-12",
            "physical_progress_percentage": "40.00",
            "building_component": 4,
            "project": 2,
            "comments": []
        }
    }
]
