[
    {
        "model": "monitoring.contact",
        "pk": 18,
        "fields": {
            "name": "Ing. Rubén Cardozo Fariña",
            "post": "responsable_contratista",
            "gender": "M",
            "phone": "",
            "email": "",
            "comments": "CI Nº 633.608",
            "is_staff": false
        }
    },
    {
        "model": "monitoring.contractor",
        "pk": 4,
        "fields": {
            "name": "CARAGUATAY S.A.",
            "contractor_type": "company",
            "address": "Santísima Trinidad nº340 esq. Americo Merlo",
            "phone": "(021) 613-386",
            "email": "",
            "comments": "RUC Nº 80011849-9",
            "contacts": [18]
        }
    },
    {
        "model": "monitoring.constructioncontract",
        "pk": 5,
        "fields": {
            "number": "15/2019",
            "comments": "Contrato LI-12008-19-183446 correspondiente al Grupo 5: Alto Paraná Supercarretera Norte de la licitación Nº 01/2019 (364644) asociada al contrato de préstamo 3601/OC-PR",
            "bid_request_number": "01/2019",
            "bid_request_id": "364644",
            "bid_request_date": "2019-06-04",
            "bid_request_budget": "5746485734.00",
            "awarding_budget": "5210000967.00",
            "awarding_percentage_drop": "9.34",
            "awarding_date": "2019-11-15",
            "financing_program": 1,
            "contractor": 4,
            "field_manager": null,
            "construction_inspector": null,
            "construction_supervisor": null,
            "social_coordinator": null,
            "social_inspector": null,
            "social_supervisor": null,
            "execution_signature_date": "2019-12-11",
            "execution_certificate_start_date": "2020-03-26",
            "expected_execution_period": 240,
            "execution_final_delivery_date": null,
            "warranty_end_date": null,
            "closed": false,
            "creation_user": 1,
            "created_at": "2022-06-10T14:17:30.349Z",
            "updated_at": "2022-06-10T14:24:32.684Z"
        }
    },
    {
        "model": "monitoring.locality",
        "pk": "#1006001",
        "fields": {
            "name": "Barrio Blanco",
            "department": "10",
            "district": "1006"
        }
    },
    {
        "model": "monitoring.locality",
        "pk": "#1006002",
        "fields": {
            "name": "Tacuaró Norte Cruce 4000",
            "department": "10",
            "district": "1006"
        }
    },
    {
        "model": "monitoring.locality",
        "pk": "#1018001",
        "fields": {
            "name": "Villa Itaipú",
            "department": "10",
            "district": "1018"
        }
    },
    {
        "model": "monitoring.infrastructure",
        "pk": 18,
        "fields": {
            "locality": null,
            "latitude": "-25.08090",
            "longitude": "-54.96126",
            "altitude": null
        }
    },
    {
        "model": "monitoring.infrastructure",
        "pk": 19,
        "fields": {
            "locality": null,
            "latitude": "-24.93734",
            "longitude": "-54.94959",
            "altitude": null
        }
    },
    {
        "model": "monitoring.infrastructure",
        "pk": 20,
        "fields": {
            "locality": null,
            "latitude": "-24.98886",
            "longitude": "-55.12657",
            "altitude": null
        }
    },
    {
        "model": "monitoring.infrastructure",
        "pk": 21,
        "fields": {
            "locality": null,
            "latitude": "-25.37983",
            "longitude": "-55.34962",
            "altitude": null
        }
    },
    {
        "model": "monitoring.infrastructure",
        "pk": 22,
        "fields": {
            "locality": null,
            "latitude": "-25.20313",
            "longitude": "-54.94402",
            "altitude": null
        }
    },
    {
        "model": "monitoring.infrastructure",
        "pk": 23,
        "fields": {
            "locality": null,
            "latitude": "-25.14281",
            "longitude": "-55.04024",
            "altitude": null
        }
    },
    {
        "model": "monitoring.project",
        "pk": 18,
        "fields": {
            "code": "2022-AP-001",
            "project_type": "agua",
            "project_class": "nueva_construccion",
            "description": "Nuevo sistema de abastecimiento de agua potable",
            "init_date": "2019-01-01",
            "main_infrastructure": 18,
            "construction_contract": 5,
            "provider": null,
            "closed": false,
            "creation_user": 1,
            "created_at": "2022-06-10T14:29:16.526Z",
            "updated_at": "2022-06-10T14:29:16.806Z",
            "linked_localities": ["#1006001", "1006130"],
            "questionnaires": ["tendido_red_mensual", "certificacion_mensual"]
        }
    },
    {
        "model": "monitoring.project",
        "pk": 19,
        "fields": {
            "code": "2022-AP-002",
            "project_type": "agua",
            "project_class": "nueva_construccion",
            "description": "Nuevo sistema de abastecimiento de agua",
            "init_date": "2019-01-01",
            "main_infrastructure": 19,
            "construction_contract": 5,
            "provider": null,
            "closed": false,
            "creation_user": 1,
            "created_at": "2022-06-10T14:32:26.630Z",
            "updated_at": "2022-06-10T14:32:26.919Z",
            "linked_localities": ["#1018001"],
            "questionnaires": ["tendido_red_mensual", "certificacion_mensual"]
        }
    },
    {
        "model": "monitoring.project",
        "pk": 20,
        "fields": {
            "code": "2022-AP-003",
            "project_type": "agua",
            "project_class": "nueva_construccion",
            "description": "Nuevo sistema de abastecimiento de agua",
            "init_date": "2019-01-01",
            "main_infrastructure": 20,
            "construction_contract": 5,
            "provider": null,
            "closed": false,
            "creation_user": 1,
            "created_at": "2022-06-10T14:34:22.119Z",
            "updated_at": "2022-06-10T14:34:22.372Z",
            "linked_localities": ["1006290"],
            "questionnaires": ["tendido_red_mensual", "certificacion_mensual"]
        }
    },
    {
        "model": "monitoring.project",
        "pk": 21,
        "fields": {
            "code": "2022-AP-004",
            "project_type": "agua",
            "project_class": "nueva_construccion",
            "description": "Nuevo sistema de abastecimiento de agua",
            "init_date": "2019-01-01",
            "main_infrastructure": 21,
            "construction_contract": 5,
            "provider": null,
            "closed": false,
            "creation_user": 1,
            "created_at": "2022-06-10T14:40:11.700Z",
            "updated_at": "2022-06-10T14:40:11.999Z",
            "linked_localities": ["#1006002"],
            "questionnaires": ["tendido_red_mensual", "certificacion_mensual"]
        }
    },
    {
        "model": "monitoring.project",
        "pk": 22,
        "fields": {
            "code": "2022-AP-005",
            "project_type": "agua",
            "project_class": "nueva_construccion",
            "description": "Nuevo sistema de abastecimiento de agua",
            "init_date": "2019-01-01",
            "main_infrastructure": 22,
            "construction_contract": 5,
            "provider": null,
            "closed": false,
            "creation_user": 1,
            "created_at": "2022-06-10T14:41:36.192Z",
            "updated_at": "2022-06-10T14:41:36.399Z",
            "linked_localities": ["1005150"],
            "questionnaires": ["tendido_red_mensual", "certificacion_mensual"]
        }
    },
    {
        "model": "monitoring.project",
        "pk": 23,
        "fields": {
            "code": "2022-AP-006",
            "project_type": "agua",
            "project_class": "nueva_construccion",
            "description": "Nuevo sistema de abastecimiento de agua",
            "init_date": "2019-01-01",
            "main_infrastructure": 23,
            "construction_contract": 5,
            "provider": null,
            "closed": false,
            "creation_user": 1,
            "created_at": "2022-06-10T14:42:44.510Z",
            "updated_at": "2022-06-10T14:42:44.873Z",
            "linked_localities": ["1006100"],
            "questionnaires": ["tendido_red_mensual", "certificacion_mensual"]
        }
    },
    {
        "model": "questionnaires.monthlyquestionnaireinstance",
        "pk": 23,
        "fields": {
            "questionnaire": "certificacion_mensual",
            "month": 3,
            "year": 2020,
            "comments": "",
            "creation_user": 1,
            "created_at": "2022-06-10T14:58:45.575Z"
        }
    },
    {
        "model": "questionnaires.monthlyquestionnaireinstance",
        "pk": 24,
        "fields": {
            "questionnaire": "certificacion_mensual",
            "month": 4,
            "year": 2020,
            "comments": "",
            "creation_user": 1,
            "created_at": "2022-06-10T14:58:45.685Z"
        }
    },
    {
        "model": "questionnaires.monthlyquestionnaireinstance",
        "pk": 25,
        "fields": {
            "questionnaire": "certificacion_mensual",
            "month": 5,
            "year": 2020,
            "comments": "",
            "creation_user": 1,
            "created_at": "2022-06-10T14:58:45.780Z"
        }
    },
    {
        "model": "questionnaires.monthlyquestionnaireinstance",
        "pk": 26,
        "fields": {
            "questionnaire": "certificacion_mensual",
            "month": 6,
            "year": 2020,
            "comments": "",
            "creation_user": 1,
            "created_at": "2022-06-10T14:58:45.849Z"
        }
    },
    {
        "model": "questionnaires.monthlyquestionnaireinstance",
        "pk": 27,
        "fields": {
            "questionnaire": "certificacion_mensual",
            "month": 7,
            "year": 2020,
            "comments": "",
            "creation_user": 1,
            "created_at": "2022-06-10T14:58:45.891Z"
        }
    },
    {
        "model": "questionnaires.monthlyquestionnaireinstance",
        "pk": 28,
        "fields": {
            "questionnaire": "certificacion_mensual",
            "month": 8,
            "year": 2020,
            "comments": "",
            "creation_user": 1,
            "created_at": "2022-06-10T14:58:45.921Z"
        }
    },
    {
        "model": "questionnaires.monthlyquestionnaireinstance",
        "pk": 29,
        "fields": {
            "questionnaire": "certificacion_mensual",
            "month": 9,
            "year": 2020,
            "comments": "",
            "creation_user": 1,
            "created_at": "2022-06-10T14:58:45.949Z"
        }
    },
    {
        "model": "questionnaires.monthlyquestionnaireinstance",
        "pk": 30,
        "fields": {
            "questionnaire": "certificacion_mensual",
            "month": 10,
            "year": 2020,
            "comments": "",
            "creation_user": 1,
            "created_at": "2022-06-10T14:58:45.977Z"
        }
    },
    {
        "model": "questionnaires.monthlyquestionnaireinstance",
        "pk": 31,
        "fields": {
            "questionnaire": "certificacion_mensual",
            "month": 11,
            "year": 2020,
            "comments": "",
            "creation_user": 1,
            "created_at": "2022-06-10T14:58:46.003Z"
        }
    },
    {
        "model": "questionnaires.monthlyquestionnaireinstance",
        "pk": 32,
        "fields": {
            "questionnaire": "certificacion_mensual",
            "month": 3,
            "year": 2020,
            "comments": "",
            "creation_user": 1,
            "created_at": "2022-06-10T15:00:02.830Z"
        }
    },
    {
        "model": "questionnaires.monthlyquestionnaireinstance",
        "pk": 33,
        "fields": {
            "questionnaire": "certificacion_mensual",
            "month": 4,
            "year": 2020,
            "comments": "",
            "creation_user": 1,
            "created_at": "2022-06-10T15:00:02.919Z"
        }
    },
    {
        "model": "questionnaires.monthlyquestionnaireinstance",
        "pk": 34,
        "fields": {
            "questionnaire": "certificacion_mensual",
            "month": 5,
            "year": 2020,
            "comments": "",
            "creation_user": 1,
            "created_at": "2022-06-10T15:00:03.009Z"
        }
    },
    {
        "model": "questionnaires.monthlyquestionnaireinstance",
        "pk": 35,
        "fields": {
            "questionnaire": "certificacion_mensual",
            "month": 6,
            "year": 2020,
            "comments": "",
            "creation_user": 1,
            "created_at": "2022-06-10T15:00:03.056Z"
        }
    },
    {
        "model": "questionnaires.monthlyquestionnaireinstance",
        "pk": 36,
        "fields": {
            "questionnaire": "certificacion_mensual",
            "month": 7,
            "year": 2020,
            "comments": "",
            "creation_user": 1,
            "created_at": "2022-06-10T15:00:03.095Z"
        }
    },
    {
        "model": "questionnaires.monthlyquestionnaireinstance",
        "pk": 37,
        "fields": {
            "questionnaire": "certificacion_mensual",
            "month": 8,
            "year": 2020,
            "comments": "",
            "creation_user": 1,
            "created_at": "2022-06-10T15:00:03.123Z"
        }
    },
    {
        "model": "questionnaires.monthlyquestionnaireinstance",
        "pk": 38,
        "fields": {
            "questionnaire": "certificacion_mensual",
            "month": 9,
            "year": 2020,
            "comments": "",
            "creation_user": 1,
            "created_at": "2022-06-10T15:00:03.152Z"
        }
    },
    {
        "model": "questionnaires.monthlyquestionnaireinstance",
        "pk": 39,
        "fields": {
            "questionnaire": "certificacion_mensual",
            "month": 10,
            "year": 2020,
            "comments": "",
            "creation_user": 1,
            "created_at": "2022-06-10T15:00:03.179Z"
        }
    },
    {
        "model": "questionnaires.monthlyquestionnaireinstance",
        "pk": 40,
        "fields": {
            "questionnaire": "certificacion_mensual",
            "month": 11,
            "year": 2020,
            "comments": "",
            "creation_user": 1,
            "created_at": "2022-06-10T15:00:03.207Z"
        }
    },
    {
        "model": "questionnaires.monthlyquestionnaireinstance",
        "pk": 41,
        "fields": {
            "questionnaire": "certificacion_mensual",
            "month": 3,
            "year": 2020,
            "comments": "",
            "creation_user": 1,
            "created_at": "2022-06-10T15:00:49.742Z"
        }
    },
    {
        "model": "questionnaires.monthlyquestionnaireinstance",
        "pk": 42,
        "fields": {
            "questionnaire": "certificacion_mensual",
            "month": 4,
            "year": 2020,
            "comments": "",
            "creation_user": 1,
            "created_at": "2022-06-10T15:00:49.797Z"
        }
    },
    {
        "model": "questionnaires.monthlyquestionnaireinstance",
        "pk": 43,
        "fields": {
            "questionnaire": "certificacion_mensual",
            "month": 5,
            "year": 2020,
            "comments": "",
            "creation_user": 1,
            "created_at": "2022-06-10T15:00:49.889Z"
        }
    },
    {
        "model": "questionnaires.monthlyquestionnaireinstance",
        "pk": 44,
        "fields": {
            "questionnaire": "certificacion_mensual",
            "month": 6,
            "year": 2020,
            "comments": "",
            "creation_user": 1,
            "created_at": "2022-06-10T15:00:50.017Z"
        }
    },
    {
        "model": "questionnaires.monthlyquestionnaireinstance",
        "pk": 45,
        "fields": {
            "questionnaire": "certificacion_mensual",
            "month": 7,
            "year": 2020,
            "comments": "",
            "creation_user": 1,
            "created_at": "2022-06-10T15:00:50.164Z"
        }
    },
    {
        "model": "questionnaires.monthlyquestionnaireinstance",
        "pk": 46,
        "fields": {
            "questionnaire": "certificacion_mensual",
            "month": 8,
            "year": 2020,
            "comments": "",
            "creation_user": 1,
            "created_at": "2022-06-10T15:00:50.257Z"
        }
    },
    {
        "model": "questionnaires.monthlyquestionnaireinstance",
        "pk": 47,
        "fields": {
            "questionnaire": "certificacion_mensual",
            "month": 9,
            "year": 2020,
            "comments": "",
            "creation_user": 1,
            "created_at": "2022-06-10T15:00:50.322Z"
        }
    },
    {
        "model": "questionnaires.monthlyquestionnaireinstance",
        "pk": 48,
        "fields": {
            "questionnaire": "certificacion_mensual",
            "month": 10,
            "year": 2020,
            "comments": "",
            "creation_user": 1,
            "created_at": "2022-06-10T15:00:50.386Z"
        }
    },
    {
        "model": "questionnaires.monthlyquestionnaireinstance",
        "pk": 49,
        "fields": {
            "questionnaire": "certificacion_mensual",
            "month": 11,
            "year": 2020,
            "comments": "",
            "creation_user": 1,
            "created_at": "2022-06-10T15:00:50.438Z"
        }
    },
    {
        "model": "questionnaires.monthlyquestionnaireinstance",
        "pk": 50,
        "fields": {
            "questionnaire": "certificacion_mensual",
            "month": 3,
            "year": 2020,
            "comments": "",
            "creation_user": 1,
            "created_at": "2022-06-10T15:02:11.321Z"
        }
    },
    {
        "model": "questionnaires.monthlyquestionnaireinstance",
        "pk": 51,
        "fields": {
            "questionnaire": "certificacion_mensual",
            "month": 4,
            "year": 2020,
            "comments": "",
            "creation_user": 1,
            "created_at": "2022-06-10T15:02:11.508Z"
        }
    },
    {
        "model": "questionnaires.monthlyquestionnaireinstance",
        "pk": 52,
        "fields": {
            "questionnaire": "certificacion_mensual",
            "month": 5,
            "year": 2020,
            "comments": "",
            "creation_user": 1,
            "created_at": "2022-06-10T15:02:11.639Z"
        }
    },
    {
        "model": "questionnaires.monthlyquestionnaireinstance",
        "pk": 53,
        "fields": {
            "questionnaire": "certificacion_mensual",
            "month": 6,
            "year": 2020,
            "comments": "",
            "creation_user": 1,
            "created_at": "2022-06-10T15:02:11.684Z"
        }
    },
    {
        "model": "questionnaires.monthlyquestionnaireinstance",
        "pk": 54,
        "fields": {
            "questionnaire": "certificacion_mensual",
            "month": 7,
            "year": 2020,
            "comments": "",
            "creation_user": 1,
            "created_at": "2022-06-10T15:02:11.726Z"
        }
    },
    {
        "model": "questionnaires.monthlyquestionnaireinstance",
        "pk": 55,
        "fields": {
            "questionnaire": "certificacion_mensual",
            "month": 8,
            "year": 2020,
            "comments": "",
            "creation_user": 1,
            "created_at": "2022-06-10T15:02:11.760Z"
        }
    },
    {
        "model": "questionnaires.monthlyquestionnaireinstance",
        "pk": 56,
        "fields": {
            "questionnaire": "certificacion_mensual",
            "month": 9,
            "year": 2020,
            "comments": "",
            "creation_user": 1,
            "created_at": "2022-06-10T15:02:11.795Z"
        }
    },
    {
        "model": "questionnaires.monthlyquestionnaireinstance",
        "pk": 57,
        "fields": {
            "questionnaire": "certificacion_mensual",
            "month": 10,
            "year": 2020,
            "comments": "",
            "creation_user": 1,
            "created_at": "2022-06-10T15:02:11.839Z"
        }
    },
    {
        "model": "questionnaires.monthlyquestionnaireinstance",
        "pk": 58,
        "fields": {
            "questionnaire": "certificacion_mensual",
            "month": 11,
            "year": 2020,
            "comments": "",
            "creation_user": 1,
            "created_at": "2022-06-10T15:02:11.886Z"
        }
    },
    {
        "model": "questionnaires.monthlyquestionnaireinstance",
        "pk": 59,
        "fields": {
            "questionnaire": "certificacion_mensual",
            "month": 3,
            "year": 2020,
            "comments": "",
            "creation_user": 1,
            "created_at": "2022-06-10T15:02:49.919Z"
        }
    },
    {
        "model": "questionnaires.monthlyquestionnaireinstance",
        "pk": 60,
        "fields": {
            "questionnaire": "certificacion_mensual",
            "month": 4,
            "year": 2020,
            "comments": "",
            "creation_user": 1,
            "created_at": "2022-06-10T15:02:50.020Z"
        }
    },
    {
        "model": "questionnaires.monthlyquestionnaireinstance",
        "pk": 61,
        "fields": {
            "questionnaire": "certificacion_mensual",
            "month": 5,
            "year": 2020,
            "comments": "",
            "creation_user": 1,
            "created_at": "2022-06-10T15:02:50.090Z"
        }
    },
    {
        "model": "questionnaires.monthlyquestionnaireinstance",
        "pk": 62,
        "fields": {
            "questionnaire": "certificacion_mensual",
            "month": 6,
            "year": 2020,
            "comments": "",
            "creation_user": 1,
            "created_at": "2022-06-10T15:02:50.131Z"
        }
    },
    {
        "model": "questionnaires.monthlyquestionnaireinstance",
        "pk": 63,
        "fields": {
            "questionnaire": "certificacion_mensual",
            "month": 7,
            "year": 2020,
            "comments": "",
            "creation_user": 1,
            "created_at": "2022-06-10T15:02:50.163Z"
        }
    },
    {
        "model": "questionnaires.monthlyquestionnaireinstance",
        "pk": 64,
        "fields": {
            "questionnaire": "certificacion_mensual",
            "month": 8,
            "year": 2020,
            "comments": "",
            "creation_user": 1,
            "created_at": "2022-06-10T15:02:50.189Z"
        }
    },
    {
        "model": "questionnaires.monthlyquestionnaireinstance",
        "pk": 65,
        "fields": {
            "questionnaire": "certificacion_mensual",
            "month": 9,
            "year": 2020,
            "comments": "",
            "creation_user": 1,
            "created_at": "2022-06-10T15:02:50.214Z"
        }
    },
    {
        "model": "questionnaires.monthlyquestionnaireinstance",
        "pk": 66,
        "fields": {
            "questionnaire": "certificacion_mensual",
            "month": 10,
            "year": 2020,
            "comments": "",
            "creation_user": 1,
            "created_at": "2022-06-10T15:02:50.240Z"
        }
    },
    {
        "model": "questionnaires.monthlyquestionnaireinstance",
        "pk": 67,
        "fields": {
            "questionnaire": "certificacion_mensual",
            "month": 11,
            "year": 2020,
            "comments": "",
            "creation_user": 1,
            "created_at": "2022-06-10T15:02:50.265Z"
        }
    },
    {
        "model": "questionnaires.monthlyquestionnaireinstance",
        "pk": 68,
        "fields": {
            "questionnaire": "certificacion_mensual",
            "month": 3,
            "year": 2020,
            "comments": "",
            "creation_user": 1,
            "created_at": "2022-06-10T15:03:34.382Z"
        }
    },
    {
        "model": "questionnaires.monthlyquestionnaireinstance",
        "pk": 69,
        "fields": {
            "questionnaire": "certificacion_mensual",
            "month": 4,
            "year": 2020,
            "comments": "",
            "creation_user": 1,
            "created_at": "2022-06-10T15:03:34.499Z"
        }
    },
    {
        "model": "questionnaires.monthlyquestionnaireinstance",
        "pk": 70,
        "fields": {
            "questionnaire": "certificacion_mensual",
            "month": 5,
            "year": 2020,
            "comments": "",
            "creation_user": 1,
            "created_at": "2022-06-10T15:03:34.549Z"
        }
    },
    {
        "model": "questionnaires.monthlyquestionnaireinstance",
        "pk": 71,
        "fields": {
            "questionnaire": "certificacion_mensual",
            "month": 6,
            "year": 2020,
            "comments": "",
            "creation_user": 1,
            "created_at": "2022-06-10T15:03:34.600Z"
        }
    },
    {
        "model": "questionnaires.monthlyquestionnaireinstance",
        "pk": 72,
        "fields": {
            "questionnaire": "certificacion_mensual",
            "month": 7,
            "year": 2020,
            "comments": "",
            "creation_user": 1,
            "created_at": "2022-06-10T15:03:34.650Z"
        }
    },
    {
        "model": "questionnaires.monthlyquestionnaireinstance",
        "pk": 73,
        "fields": {
            "questionnaire": "certificacion_mensual",
            "month": 8,
            "year": 2020,
            "comments": "",
            "creation_user": 1,
            "created_at": "2022-06-10T15:03:34.706Z"
        }
    },
    {
        "model": "questionnaires.monthlyquestionnaireinstance",
        "pk": 74,
        "fields": {
            "questionnaire": "certificacion_mensual",
            "month": 9,
            "year": 2020,
            "comments": "",
            "creation_user": 1,
            "created_at": "2022-06-10T15:03:34.757Z"
        }
    },
    {
        "model": "questionnaires.monthlyquestionnaireinstance",
        "pk": 75,
        "fields": {
            "questionnaire": "certificacion_mensual",
            "month": 10,
            "year": 2020,
            "comments": "",
            "creation_user": 1,
            "created_at": "2022-06-10T15:03:34.816Z"
        }
    },
    {
        "model": "questionnaires.monthlyquestionnaireinstance",
        "pk": 76,
        "fields": {
            "questionnaire": "certificacion_mensual",
            "month": 11,
            "year": 2020,
            "comments": "",
            "creation_user": 1,
            "created_at": "2022-06-10T15:03:34.870Z"
        }
    },
    {
        "model": "questionnaires.monthlyquestionnairevalue",
        "pk": 33,
        "fields": {
            "questionnaire_instance": 23,
            "code": "monto_certificado",
            "datatype": "integer",
            "label": "Monto certificado",
            "expected_value": "8368919",
            "value": "74025078"
        }
    },
    {
        "model": "questionnaires.monthlyquestionnairevalue",
        "pk": 34,
        "fields": {
            "questionnaire_instance": 24,
            "code": "monto_certificado",
            "datatype": "integer",
            "label": "Monto certificado",
            "expected_value": "68246539",
            "value": "33674935"
        }
    },
    {
        "model": "questionnaires.monthlyquestionnairevalue",
        "pk": 35,
        "fields": {
            "questionnaire_instance": 25,
            "code": "monto_certificado",
            "datatype": "integer",
            "label": "Monto certificado",
            "expected_value": "85084006",
            "value": "68047279"
        }
    },
    {
        "model": "questionnaires.monthlyquestionnairevalue",
        "pk": 36,
        "fields": {
            "questionnaire_instance": 26,
            "code": "monto_certificado",
            "datatype": "integer",
            "label": "Monto certificado",
            "expected_value": "140079758",
            "value": "74722488"
        }
    },
    {
        "model": "questionnaires.monthlyquestionnairevalue",
        "pk": 37,
        "fields": {
            "questionnaire_instance": 27,
            "code": "monto_certificado",
            "datatype": "integer",
            "label": "Monto certificado",
            "expected_value": "132109358",
            "value": "74124708"
        }
    },
    {
        "model": "questionnaires.monthlyquestionnairevalue",
        "pk": 38,
        "fields": {
            "questionnaire_instance": 28,
            "code": "monto_certificado",
            "datatype": "integer",
            "label": "Monto certificado",
            "expected_value": "176345072",
            "value": "187204740"
        }
    },
    {
        "model": "questionnaires.monthlyquestionnairevalue",
        "pk": 39,
        "fields": {
            "questionnaire_instance": 29,
            "code": "monto_certificado",
            "datatype": "integer",
            "label": "Monto certificado",
            "expected_value": "224565984",
            "value": "70737289"
        }
    },
    {
        "model": "questionnaires.monthlyquestionnairevalue",
        "pk": 40,
        "fields": {
            "questionnaire_instance": 30,
            "code": "monto_certificado",
            "datatype": "integer",
            "label": "Monto certificado",
            "expected_value": "121150061",
            "value": "68545429"
        }
    },
    {
        "model": "questionnaires.monthlyquestionnairevalue",
        "pk": 41,
        "fields": {
            "questionnaire_instance": 31,
            "code": "monto_certificado",
            "datatype": "integer",
            "label": "Monto certificado",
            "expected_value": "40350144",
            "value": "88172536"
        }
    },
    {
        "model": "questionnaires.monthlyquestionnairevalue",
        "pk": 42,
        "fields": {
            "questionnaire_instance": 32,
            "code": "monto_certificado",
            "datatype": "integer",
            "label": "Monto certificado",
            "expected_value": "8207835",
            "value": "42600250"
        }
    },
    {
        "model": "questionnaires.monthlyquestionnairevalue",
        "pk": 43,
        "fields": {
            "questionnaire_instance": 33,
            "code": "monto_certificado",
            "datatype": "integer",
            "label": "Monto certificado",
            "expected_value": "66932936",
            "value": "13026763"
        }
    },
    {
        "model": "questionnaires.monthlyquestionnairevalue",
        "pk": 44,
        "fields": {
            "questionnaire_instance": 34,
            "code": "monto_certificado",
            "datatype": "integer",
            "label": "Monto certificado",
            "expected_value": "83446318",
            "value": "36737512"
        }
    },
    {
        "model": "questionnaires.monthlyquestionnairevalue",
        "pk": 45,
        "fields": {
            "questionnaire_instance": 35,
            "code": "monto_certificado",
            "datatype": "integer",
            "label": "Monto certificado",
            "expected_value": "137383516",
            "value": "43284237"
        }
    },
    {
        "model": "questionnaires.monthlyquestionnairevalue",
        "pk": 46,
        "fields": {
            "questionnaire_instance": 36,
            "code": "monto_certificado",
            "datatype": "integer",
            "label": "Monto certificado",
            "expected_value": "129566530",
            "value": "42697963"
        }
    },
    {
        "model": "questionnaires.monthlyquestionnairevalue",
        "pk": 47,
        "fields": {
            "questionnaire_instance": 37,
            "code": "monto_certificado",
            "datatype": "integer",
            "label": "Monto certificado",
            "expected_value": "172950799",
            "value": "153601441"
        }
    },
    {
        "model": "questionnaires.monthlyquestionnairevalue",
        "pk": 48,
        "fields": {
            "questionnaire_instance": 38,
            "code": "monto_certificado",
            "datatype": "integer",
            "label": "Monto certificado",
            "expected_value": "220243558",
            "value": "39375744"
        }
    },
    {
        "model": "questionnaires.monthlyquestionnairevalue",
        "pk": 49,
        "fields": {
            "questionnaire_instance": 39,
            "code": "monto_certificado",
            "datatype": "integer",
            "label": "Monto certificado",
            "expected_value": "118818176",
            "value": "37226073"
        }
    },
    {
        "model": "questionnaires.monthlyquestionnairevalue",
        "pk": 50,
        "fields": {
            "questionnaire_instance": 40,
            "code": "monto_certificado",
            "datatype": "integer",
            "label": "Monto certificado",
            "expected_value": "39573488",
            "value": "56475399"
        }
    },
    {
        "model": "questionnaires.monthlyquestionnairevalue",
        "pk": 51,
        "fields": {
            "questionnaire_instance": 41,
            "code": "monto_certificado",
            "datatype": "integer",
            "label": "Monto certificado",
            "expected_value": "7932863",
            "value": "70168062"
        }
    },
    {
        "model": "questionnaires.monthlyquestionnairevalue",
        "pk": 52,
        "fields": {
            "questionnaire_instance": 42,
            "code": "monto_certificado",
            "datatype": "integer",
            "label": "Monto certificado",
            "expected_value": "64690609",
            "value": "31920330"
        }
    },
    {
        "model": "questionnaires.monthlyquestionnairevalue",
        "pk": 53,
        "fields": {
            "questionnaire_instance": 43,
            "code": "monto_certificado",
            "datatype": "integer",
            "label": "Monto certificado",
            "expected_value": "80650774",
            "value": "64501731"
        }
    },
    {
        "model": "questionnaires.monthlyquestionnairevalue",
        "pk": 54,
        "fields": {
            "questionnaire_instance": 44,
            "code": "monto_certificado",
            "datatype": "integer",
            "label": "Monto certificado",
            "expected_value": "132781016",
            "value": "70829134"
        }
    },
    {
        "model": "questionnaires.monthlyquestionnairevalue",
        "pk": 55,
        "fields": {
            "questionnaire_instance": 45,
            "code": "monto_certificado",
            "datatype": "integer",
            "label": "Monto certificado",
            "expected_value": "125225909",
            "value": "70262501"
        }
    },
    {
        "model": "questionnaires.monthlyquestionnairevalue",
        "pk": 56,
        "fields": {
            "questionnaire_instance": 46,
            "code": "monto_certificado",
            "datatype": "integer",
            "label": "Monto certificado",
            "expected_value": "167156756",
            "value": "177450590"
        }
    },
    {
        "model": "questionnaires.monthlyquestionnairevalue",
        "pk": 57,
        "fields": {
            "questionnaire_instance": 47,
            "code": "monto_certificado",
            "datatype": "integer",
            "label": "Monto certificado",
            "expected_value": "212865157",
            "value": "67051580"
        }
    },
    {
        "model": "questionnaires.monthlyquestionnairevalue",
        "pk": 58,
        "fields": {
            "questionnaire_instance": 48,
            "code": "monto_certificado",
            "datatype": "integer",
            "label": "Monto certificado",
            "expected_value": "114837636",
            "value": "64973925"
        }
    },
    {
        "model": "questionnaires.monthlyquestionnairevalue",
        "pk": 59,
        "fields": {
            "questionnaire_instance": 49,
            "code": "monto_certificado",
            "datatype": "integer",
            "label": "Monto certificado",
            "expected_value": "38247732",
            "value": "83578378"
        }
    },
    {
        "model": "questionnaires.monthlyquestionnairevalue",
        "pk": 60,
        "fields": {
            "questionnaire_instance": 50,
            "code": "monto_certificado",
            "datatype": "integer",
            "label": "Monto certificado",
            "expected_value": "8360056",
            "value": "73946682"
        }
    },
    {
        "model": "questionnaires.monthlyquestionnairevalue",
        "pk": 61,
        "fields": {
            "questionnaire_instance": 51,
            "code": "monto_certificado",
            "datatype": "integer",
            "label": "Monto certificado",
            "expected_value": "68174262",
            "value": "33639271"
        }
    },
    {
        "model": "questionnaires.monthlyquestionnairevalue",
        "pk": 62,
        "fields": {
            "questionnaire_instance": 52,
            "code": "monto_certificado",
            "datatype": "integer",
            "label": "Monto certificado",
            "expected_value": "84993898",
            "value": "67975213"
        }
    },
    {
        "model": "questionnaires.monthlyquestionnairevalue",
        "pk": 63,
        "fields": {
            "questionnaire_instance": 53,
            "code": "monto_certificado",
            "datatype": "integer",
            "label": "Monto certificado",
            "expected_value": "139931406",
            "value": "74643353"
        }
    },
    {
        "model": "questionnaires.monthlyquestionnairevalue",
        "pk": 64,
        "fields": {
            "questionnaire_instance": 54,
            "code": "monto_certificado",
            "datatype": "integer",
            "label": "Monto certificado",
            "expected_value": "131969448",
            "value": "74046206"
        }
    },
    {
        "model": "questionnaires.monthlyquestionnairevalue",
        "pk": 65,
        "fields": {
            "questionnaire_instance": 55,
            "code": "monto_certificado",
            "datatype": "integer",
            "label": "Monto certificado",
            "expected_value": "176158313",
            "value": "187006480"
        }
    },
    {
        "model": "questionnaires.monthlyquestionnairevalue",
        "pk": 66,
        "fields": {
            "questionnaire_instance": 56,
            "code": "monto_certificado",
            "datatype": "integer",
            "label": "Monto certificado",
            "expected_value": "224328157",
            "value": "70662374"
        }
    },
    {
        "model": "questionnaires.monthlyquestionnairevalue",
        "pk": 67,
        "fields": {
            "questionnaire_instance": 57,
            "code": "monto_certificado",
            "datatype": "integer",
            "label": "Monto certificado",
            "expected_value": "121021756",
            "value": "68472836"
        }
    },
    {
        "model": "questionnaires.monthlyquestionnairevalue",
        "pk": 68,
        "fields": {
            "questionnaire_instance": 58,
            "code": "monto_certificado",
            "datatype": "integer",
            "label": "Monto certificado",
            "expected_value": "40307411",
            "value": "88079156"
        }
    },
    {
        "model": "questionnaires.monthlyquestionnairevalue",
        "pk": 69,
        "fields": {
            "questionnaire_instance": 59,
            "code": "monto_certificado",
            "datatype": "integer",
            "label": "Monto certificado",
            "expected_value": "6055706",
            "value": "53564162"
        }
    },
    {
        "model": "questionnaires.monthlyquestionnairevalue",
        "pk": 70,
        "fields": {
            "questionnaire_instance": 60,
            "code": "monto_certificado",
            "datatype": "integer",
            "label": "Monto certificado",
            "expected_value": "49382841",
            "value": "24367008"
        }
    },
    {
        "model": "questionnaires.monthlyquestionnairevalue",
        "pk": 71,
        "fields": {
            "questionnaire_instance": 61,
            "code": "monto_certificado",
            "datatype": "integer",
            "label": "Monto certificado",
            "expected_value": "61566345",
            "value": "49238658"
        }
    },
    {
        "model": "questionnaires.monthlyquestionnairevalue",
        "pk": 72,
        "fields": {
            "questionnaire_instance": 62,
            "code": "monto_certificado",
            "datatype": "integer",
            "label": "Monto certificado",
            "expected_value": "101360985",
            "value": "54068804"
        }
    },
    {
        "model": "questionnaires.monthlyquestionnairevalue",
        "pk": 73,
        "fields": {
            "questionnaire_instance": 63,
            "code": "monto_certificado",
            "datatype": "integer",
            "label": "Monto certificado",
            "expected_value": "95593646",
            "value": "53636254"
        }
    },
    {
        "model": "questionnaires.monthlyquestionnairevalue",
        "pk": 74,
        "fields": {
            "questionnaire_instance": 64,
            "code": "monto_certificado",
            "datatype": "integer",
            "label": "Monto certificado",
            "expected_value": "127602378",
            "value": "135460378"
        }
    },
    {
        "model": "questionnaires.monthlyquestionnairevalue",
        "pk": 75,
        "fields": {
            "questionnaire_instance": 65,
            "code": "monto_certificado",
            "datatype": "integer",
            "label": "Monto certificado",
            "expected_value": "162494780",
            "value": "51185135"
        }
    },
    {
        "model": "questionnaires.monthlyquestionnairevalue",
        "pk": 76,
        "fields": {
            "questionnaire_instance": 66,
            "code": "monto_certificado",
            "datatype": "integer",
            "label": "Monto certificado",
            "expected_value": "87663555",
            "value": "49599117"
        }
    },
    {
        "model": "questionnaires.monthlyquestionnairevalue",
        "pk": 77,
        "fields": {
            "questionnaire_instance": 67,
            "code": "monto_certificado",
            "datatype": "integer",
            "label": "Monto certificado",
            "expected_value": "29197154",
            "value": "63801189"
        }
    },
    {
        "model": "questionnaires.monthlyquestionnairevalue",
        "pk": 78,
        "fields": {
            "questionnaire_instance": 68,
            "code": "monto_certificado",
            "datatype": "integer",
            "label": "Monto certificado",
            "expected_value": "4838630",
            "value": "42798837"
        }
    },
    {
        "model": "questionnaires.monthlyquestionnairevalue",
        "pk": 79,
        "fields": {
            "questionnaire_instance": 69,
            "code": "monto_certificado",
            "datatype": "integer",
            "label": "Monto certificado",
            "expected_value": "39457878",
            "value": "19469727"
        }
    },
    {
        "model": "questionnaires.monthlyquestionnairevalue",
        "pk": 80,
        "fields": {
            "questionnaire_instance": 70,
            "code": "monto_certificado",
            "datatype": "integer",
            "label": "Monto certificado",
            "expected_value": "49192742",
            "value": "39342673"
        }
    },
    {
        "model": "questionnaires.monthlyquestionnairevalue",
        "pk": 81,
        "fields": {
            "questionnaire_instance": 71,
            "code": "monto_certificado",
            "datatype": "integer",
            "label": "Monto certificado",
            "expected_value": "80989455",
            "value": "43202057"
        }
    },
    {
        "model": "questionnaires.monthlyquestionnairevalue",
        "pk": 82,
        "fields": {
            "questionnaire_instance": 72,
            "code": "monto_certificado",
            "datatype": "integer",
            "label": "Monto certificado",
            "expected_value": "76381236",
            "value": "42856440"
        }
    },
    {
        "model": "questionnaires.monthlyquestionnairevalue",
        "pk": 83,
        "fields": {
            "questionnaire_instance": 73,
            "code": "monto_certificado",
            "datatype": "integer",
            "label": "Monto certificado",
            "expected_value": "101956854",
            "value": "108235552"
        }
    },
    {
        "model": "questionnaires.monthlyquestionnairevalue",
        "pk": 84,
        "fields": {
            "questionnaire_instance": 74,
            "code": "monto_certificado",
            "datatype": "integer",
            "label": "Monto certificado",
            "expected_value": "129836581",
            "value": "40897947"
        }
    },
    {
        "model": "questionnaires.monthlyquestionnairevalue",
        "pk": 85,
        "fields": {
            "questionnaire_instance": 75,
            "code": "monto_certificado",
            "datatype": "integer",
            "label": "Monto certificado",
            "expected_value": "70044934",
            "value": "39630687"
        }
    },
    {
        "model": "questionnaires.monthlyquestionnairevalue",
        "pk": 86,
        "fields": {
            "questionnaire_instance": 76,
            "code": "monto_certificado",
            "datatype": "integer",
            "label": "Monto certificado",
            "expected_value": "23329111",
            "value": "50978427"
        }
    },
    {
        "model": "monitoring.projectquestionnaireinstance",
        "pk": 23,
        "fields": {
            "project": 18,
            "questionnaire_instance": 23,
            "questionnaire": "certificacion_mensual"
        }
    },
    {
        "model": "monitoring.projectquestionnaireinstance",
        "pk": 24,
        "fields": {
            "project": 18,
            "questionnaire_instance": 24,
            "questionnaire": "certificacion_mensual"
        }
    },
    {
        "model": "monitoring.projectquestionnaireinstance",
        "pk": 25,
        "fields": {
            "project": 18,
            "questionnaire_instance": 25,
            "questionnaire": "certificacion_mensual"
        }
    },
    {
        "model": "monitoring.projectquestionnaireinstance",
        "pk": 26,
        "fields": {
            "project": 18,
            "questionnaire_instance": 26,
            "questionnaire": "certificacion_mensual"
        }
    },
    {
        "model": "monitoring.projectquestionnaireinstance",
        "pk": 27,
        "fields": {
            "project": 18,
            "questionnaire_instance": 27,
            "questionnaire": "certificacion_mensual"
        }
    },
    {
        "model": "monitoring.projectquestionnaireinstance",
        "pk": 28,
        "fields": {
            "project": 18,
            "questionnaire_instance": 28,
            "questionnaire": "certificacion_mensual"
        }
    },
    {
        "model": "monitoring.projectquestionnaireinstance",
        "pk": 29,
        "fields": {
            "project": 18,
            "questionnaire_instance": 29,
            "questionnaire": "certificacion_mensual"
        }
    },
    {
        "model": "monitoring.projectquestionnaireinstance",
        "pk": 30,
        "fields": {
            "project": 18,
            "questionnaire_instance": 30,
            "questionnaire": "certificacion_mensual"
        }
    },
    {
        "model": "monitoring.projectquestionnaireinstance",
        "pk": 31,
        "fields": {
            "project": 18,
            "questionnaire_instance": 31,
            "questionnaire": "certificacion_mensual"
        }
    },
    {
        "model": "monitoring.projectquestionnaireinstance",
        "pk": 32,
        "fields": {
            "project": 19,
            "questionnaire_instance": 32,
            "questionnaire": "certificacion_mensual"
        }
    },
    {
        "model": "monitoring.projectquestionnaireinstance",
        "pk": 33,
        "fields": {
            "project": 19,
            "questionnaire_instance": 33,
            "questionnaire": "certificacion_mensual"
        }
    },
    {
        "model": "monitoring.projectquestionnaireinstance",
        "pk": 34,
        "fields": {
            "project": 19,
            "questionnaire_instance": 34,
            "questionnaire": "certificacion_mensual"
        }
    },
    {
        "model": "monitoring.projectquestionnaireinstance",
        "pk": 35,
        "fields": {
            "project": 19,
            "questionnaire_instance": 35,
            "questionnaire": "certificacion_mensual"
        }
    },
    {
        "model": "monitoring.projectquestionnaireinstance",
        "pk": 36,
        "fields": {
            "project": 19,
            "questionnaire_instance": 36,
            "questionnaire": "certificacion_mensual"
        }
    },
    {
        "model": "monitoring.projectquestionnaireinstance",
        "pk": 37,
        "fields": {
            "project": 19,
            "questionnaire_instance": 37,
            "questionnaire": "certificacion_mensual"
        }
    },
    {
        "model": "monitoring.projectquestionnaireinstance",
        "pk": 38,
        "fields": {
            "project": 19,
            "questionnaire_instance": 38,
            "questionnaire": "certificacion_mensual"
        }
    },
    {
        "model": "monitoring.projectquestionnaireinstance",
        "pk": 39,
        "fields": {
            "project": 19,
            "questionnaire_instance": 39,
            "questionnaire": "certificacion_mensual"
        }
    },
    {
        "model": "monitoring.projectquestionnaireinstance",
        "pk": 40,
        "fields": {
            "project": 19,
            "questionnaire_instance": 40,
            "questionnaire": "certificacion_mensual"
        }
    },
    {
        "model": "monitoring.projectquestionnaireinstance",
        "pk": 41,
        "fields": {
            "project": 20,
            "questionnaire_instance": 41,
            "questionnaire": "certificacion_mensual"
        }
    },
    {
        "model": "monitoring.projectquestionnaireinstance",
        "pk": 42,
        "fields": {
            "project": 20,
            "questionnaire_instance": 42,
            "questionnaire": "certificacion_mensual"
        }
    },
    {
        "model": "monitoring.projectquestionnaireinstance",
        "pk": 43,
        "fields": {
            "project": 20,
            "questionnaire_instance": 43,
            "questionnaire": "certificacion_mensual"
        }
    },
    {
        "model": "monitoring.projectquestionnaireinstance",
        "pk": 44,
        "fields": {
            "project": 20,
            "questionnaire_instance": 44,
            "questionnaire": "certificacion_mensual"
        }
    },
    {
        "model": "monitoring.projectquestionnaireinstance",
        "pk": 45,
        "fields": {
            "project": 20,
            "questionnaire_instance": 45,
            "questionnaire": "certificacion_mensual"
        }
    },
    {
        "model": "monitoring.projectquestionnaireinstance",
        "pk": 46,
        "fields": {
            "project": 20,
            "questionnaire_instance": 46,
            "questionnaire": "certificacion_mensual"
        }
    },
    {
        "model": "monitoring.projectquestionnaireinstance",
        "pk": 47,
        "fields": {
            "project": 20,
            "questionnaire_instance": 47,
            "questionnaire": "certificacion_mensual"
        }
    },
    {
        "model": "monitoring.projectquestionnaireinstance",
        "pk": 48,
        "fields": {
            "project": 20,
            "questionnaire_instance": 48,
            "questionnaire": "certificacion_mensual"
        }
    },
    {
        "model": "monitoring.projectquestionnaireinstance",
        "pk": 49,
        "fields": {
            "project": 20,
            "questionnaire_instance": 49,
            "questionnaire": "certificacion_mensual"
        }
    },
    {
        "model": "monitoring.projectquestionnaireinstance",
        "pk": 50,
        "fields": {
            "project": 21,
            "questionnaire_instance": 50,
            "questionnaire": "certificacion_mensual"
        }
    },
    {
        "model": "monitoring.projectquestionnaireinstance",
        "pk": 51,
        "fields": {
            "project": 21,
            "questionnaire_instance": 51,
            "questionnaire": "certificacion_mensual"
        }
    },
    {
        "model": "monitoring.projectquestionnaireinstance",
        "pk": 52,
        "fields": {
            "project": 21,
            "questionnaire_instance": 52,
            "questionnaire": "certificacion_mensual"
        }
    },
    {
        "model": "monitoring.projectquestionnaireinstance",
        "pk": 53,
        "fields": {
            "project": 21,
            "questionnaire_instance": 53,
            "questionnaire": "certificacion_mensual"
        }
    },
    {
        "model": "monitoring.projectquestionnaireinstance",
        "pk": 54,
        "fields": {
            "project": 21,
            "questionnaire_instance": 54,
            "questionnaire": "certificacion_mensual"
        }
    },
    {
        "model": "monitoring.projectquestionnaireinstance",
        "pk": 55,
        "fields": {
            "project": 21,
            "questionnaire_instance": 55,
            "questionnaire": "certificacion_mensual"
        }
    },
    {
        "model": "monitoring.projectquestionnaireinstance",
        "pk": 56,
        "fields": {
            "project": 21,
            "questionnaire_instance": 56,
            "questionnaire": "certificacion_mensual"
        }
    },
    {
        "model": "monitoring.projectquestionnaireinstance",
        "pk": 57,
        "fields": {
            "project": 21,
            "questionnaire_instance": 57,
            "questionnaire": "certificacion_mensual"
        }
    },
    {
        "model": "monitoring.projectquestionnaireinstance",
        "pk": 58,
        "fields": {
            "project": 21,
            "questionnaire_instance": 58,
            "questionnaire": "certificacion_mensual"
        }
    },
    {
        "model": "monitoring.projectquestionnaireinstance",
        "pk": 59,
        "fields": {
            "project": 22,
            "questionnaire_instance": 59,
            "questionnaire": "certificacion_mensual"
        }
    },
    {
        "model": "monitoring.projectquestionnaireinstance",
        "pk": 60,
        "fields": {
            "project": 22,
            "questionnaire_instance": 60,
            "questionnaire": "certificacion_mensual"
        }
    },
    {
        "model": "monitoring.projectquestionnaireinstance",
        "pk": 61,
        "fields": {
            "project": 22,
            "questionnaire_instance": 61,
            "questionnaire": "certificacion_mensual"
        }
    },
    {
        "model": "monitoring.projectquestionnaireinstance",
        "pk": 62,
        "fields": {
            "project": 22,
            "questionnaire_instance": 62,
            "questionnaire": "certificacion_mensual"
        }
    },
    {
        "model": "monitoring.projectquestionnaireinstance",
        "pk": 63,
        "fields": {
            "project": 22,
            "questionnaire_instance": 63,
            "questionnaire": "certificacion_mensual"
        }
    },
    {
        "model": "monitoring.projectquestionnaireinstance",
        "pk": 64,
        "fields": {
            "project": 22,
            "questionnaire_instance": 64,
            "questionnaire": "certificacion_mensual"
        }
    },
    {
        "model": "monitoring.projectquestionnaireinstance",
        "pk": 65,
        "fields": {
            "project": 22,
            "questionnaire_instance": 65,
            "questionnaire": "certificacion_mensual"
        }
    },
    {
        "model": "monitoring.projectquestionnaireinstance",
        "pk": 66,
        "fields": {
            "project": 22,
            "questionnaire_instance": 66,
            "questionnaire": "certificacion_mensual"
        }
    },
    {
        "model": "monitoring.projectquestionnaireinstance",
        "pk": 67,
        "fields": {
            "project": 22,
            "questionnaire_instance": 67,
            "questionnaire": "certificacion_mensual"
        }
    },
    {
        "model": "monitoring.projectquestionnaireinstance",
        "pk": 68,
        "fields": {
            "project": 23,
            "questionnaire_instance": 68,
            "questionnaire": "certificacion_mensual"
        }
    },
    {
        "model": "monitoring.projectquestionnaireinstance",
        "pk": 69,
        "fields": {
            "project": 23,
            "questionnaire_instance": 69,
            "questionnaire": "certificacion_mensual"
        }
    },
    {
        "model": "monitoring.projectquestionnaireinstance",
        "pk": 70,
        "fields": {
            "project": 23,
            "questionnaire_instance": 70,
            "questionnaire": "certificacion_mensual"
        }
    },
    {
        "model": "monitoring.projectquestionnaireinstance",
        "pk": 71,
        "fields": {
            "project": 23,
            "questionnaire_instance": 71,
            "questionnaire": "certificacion_mensual"
        }
    },
    {
        "model": "monitoring.projectquestionnaireinstance",
        "pk": 72,
        "fields": {
            "project": 23,
            "questionnaire_instance": 72,
            "questionnaire": "certificacion_mensual"
        }
    },
    {
        "model": "monitoring.projectquestionnaireinstance",
        "pk": 73,
        "fields": {
            "project": 23,
            "questionnaire_instance": 73,
            "questionnaire": "certificacion_mensual"
        }
    },
    {
        "model": "monitoring.projectquestionnaireinstance",
        "pk": 74,
        "fields": {
            "project": 23,
            "questionnaire_instance": 74,
            "questionnaire": "certificacion_mensual"
        }
    },
    {
        "model": "monitoring.projectquestionnaireinstance",
        "pk": 75,
        "fields": {
            "project": 23,
            "questionnaire_instance": 75,
            "questionnaire": "certificacion_mensual"
        }
    },
    {
        "model": "monitoring.projectquestionnaireinstance",
        "pk": 76,
        "fields": {
            "project": 23,
            "questionnaire_instance": 76,
            "questionnaire": "certificacion_mensual"
        }
    },
    {
        "model": "questionnaires.monthlyquestionnaireinstance",
        "pk": 22,
        "fields": {
            "questionnaire": "certificacion_mensual",
            "month": 3,
            "year": 2022,
            "comments": null,
            "extended": true,
            "creation_user": 1,
            "created_at": "2021-12-01T00:00:00Z"
        }
    },
    {
        "model": "questionnaires.monthlyquestionnaireinstance",
        "pk": 77,
        "fields": {
            "questionnaire": "certificacion_mensual",
            "month": 12,
            "year": 2020,
            "comments": "",
            "extended": true,
            "creation_user": 1,
            "created_at": "2022-06-10T17:26:02.808Z"
        }
    },
    {
        "model": "questionnaires.monthlyquestionnaireinstance",
        "pk": 78,
        "fields": {
            "questionnaire": "certificacion_mensual",
            "month": 1,
            "year": 2021,
            "comments": "",
            "extended": true,
            "creation_user": 1,
            "created_at": "2022-06-10T17:26:02.862Z"
        }
    },
    {
        "model": "questionnaires.monthlyquestionnaireinstance",
        "pk": 79,
        "fields": {
            "questionnaire": "certificacion_mensual",
            "month": 2,
            "year": 2021,
            "comments": "",
            "extended": true,
            "creation_user": 1,
            "created_at": "2022-06-10T17:26:02.912Z"
        }
    },
    {
        "model": "questionnaires.monthlyquestionnaireinstance",
        "pk": 80,
        "fields": {
            "questionnaire": "certificacion_mensual",
            "month": 3,
            "year": 2021,
            "comments": "",
            "extended": true,
            "creation_user": 1,
            "created_at": "2022-06-10T17:26:02.961Z"
        }
    },
    {
        "model": "questionnaires.monthlyquestionnaireinstance",
        "pk": 81,
        "fields": {
            "questionnaire": "certificacion_mensual",
            "month": 4,
            "year": 2021,
            "comments": "",
            "extended": true,
            "creation_user": 1,
            "created_at": "2022-06-10T17:26:03.030Z"
        }
    },
    {
        "model": "questionnaires.monthlyquestionnaireinstance",
        "pk": 82,
        "fields": {
            "questionnaire": "certificacion_mensual",
            "month": 5,
            "year": 2021,
            "comments": "",
            "extended": true,
            "creation_user": 1,
            "created_at": "2022-06-10T17:26:03.084Z"
        }
    },
    {
        "model": "questionnaires.monthlyquestionnaireinstance",
        "pk": 83,
        "fields": {
            "questionnaire": "certificacion_mensual",
            "month": 6,
            "year": 2021,
            "comments": "",
            "extended": true,
            "creation_user": 1,
            "created_at": "2022-06-10T17:26:03.119Z"
        }
    },
    {
        "model": "questionnaires.monthlyquestionnaireinstance",
        "pk": 84,
        "fields": {
            "questionnaire": "certificacion_mensual",
            "month": 7,
            "year": 2021,
            "comments": "",
            "extended": true,
            "creation_user": 1,
            "created_at": "2022-06-10T17:26:03.147Z"
        }
    },
    {
        "model": "questionnaires.monthlyquestionnaireinstance",
        "pk": 85,
        "fields": {
            "questionnaire": "certificacion_mensual",
            "month": 12,
            "year": 2020,
            "comments": "",
            "extended": true,
            "creation_user": 1,
            "created_at": "2022-06-10T17:27:18.973Z"
        }
    },
    {
        "model": "questionnaires.monthlyquestionnaireinstance",
        "pk": 86,
        "fields": {
            "questionnaire": "certificacion_mensual",
            "month": 1,
            "year": 2021,
            "comments": "",
            "extended": true,
            "creation_user": 1,
            "created_at": "2022-06-10T17:27:19.037Z"
        }
    },
    {
        "model": "questionnaires.monthlyquestionnaireinstance",
        "pk": 87,
        "fields": {
            "questionnaire": "certificacion_mensual",
            "month": 2,
            "year": 2021,
            "comments": "",
            "extended": true,
            "creation_user": 1,
            "created_at": "2022-06-10T17:27:19.091Z"
        }
    },
    {
        "model": "questionnaires.monthlyquestionnaireinstance",
        "pk": 88,
        "fields": {
            "questionnaire": "certificacion_mensual",
            "month": 3,
            "year": 2021,
            "comments": "",
            "extended": true,
            "creation_user": 1,
            "created_at": "2022-06-10T17:27:19.140Z"
        }
    },
    {
        "model": "questionnaires.monthlyquestionnaireinstance",
        "pk": 89,
        "fields": {
            "questionnaire": "certificacion_mensual",
            "month": 4,
            "year": 2021,
            "comments": "",
            "extended": true,
            "creation_user": 1,
            "created_at": "2022-06-10T17:27:19.191Z"
        }
    },
    {
        "model": "questionnaires.monthlyquestionnaireinstance",
        "pk": 90,
        "fields": {
            "questionnaire": "certificacion_mensual",
            "month": 5,
            "year": 2021,
            "comments": "",
            "extended": true,
            "creation_user": 1,
            "created_at": "2022-06-10T17:27:19.236Z"
        }
    },
    {
        "model": "questionnaires.monthlyquestionnaireinstance",
        "pk": 91,
        "fields": {
            "questionnaire": "certificacion_mensual",
            "month": 6,
            "year": 2021,
            "comments": "",
            "extended": true,
            "creation_user": 1,
            "created_at": "2022-06-10T17:27:19.266Z"
        }
    },
    {
        "model": "questionnaires.monthlyquestionnaireinstance",
        "pk": 92,
        "fields": {
            "questionnaire": "certificacion_mensual",
            "month": 7,
            "year": 2021,
            "comments": "",
            "extended": true,
            "creation_user": 1,
            "created_at": "2022-06-10T17:27:19.293Z"
        }
    },
    {
        "model": "questionnaires.monthlyquestionnaireinstance",
        "pk": 93,
        "fields": {
            "questionnaire": "certificacion_mensual",
            "month": 12,
            "year": 2020,
            "comments": "",
            "extended": true,
            "creation_user": 1,
            "created_at": "2022-06-10T17:28:06.881Z"
        }
    },
    {
        "model": "questionnaires.monthlyquestionnaireinstance",
        "pk": 94,
        "fields": {
            "questionnaire": "certificacion_mensual",
            "month": 1,
            "year": 2021,
            "comments": "",
            "extended": true,
            "creation_user": 1,
            "created_at": "2022-06-10T17:28:06.957Z"
        }
    },
    {
        "model": "questionnaires.monthlyquestionnaireinstance",
        "pk": 95,
        "fields": {
            "questionnaire": "certificacion_mensual",
            "month": 2,
            "year": 2021,
            "comments": "",
            "extended": true,
            "creation_user": 1,
            "created_at": "2022-06-10T17:28:07.037Z"
        }
    },
    {
        "model": "questionnaires.monthlyquestionnaireinstance",
        "pk": 96,
        "fields": {
            "questionnaire": "certificacion_mensual",
            "month": 3,
            "year": 2021,
            "comments": "",
            "extended": true,
            "creation_user": 1,
            "created_at": "2022-06-10T17:28:07.108Z"
        }
    },
    {
        "model": "questionnaires.monthlyquestionnaireinstance",
        "pk": 97,
        "fields": {
            "questionnaire": "certificacion_mensual",
            "month": 4,
            "year": 2021,
            "comments": "",
            "extended": true,
            "creation_user": 1,
            "created_at": "2022-06-10T17:28:07.163Z"
        }
    },
    {
        "model": "questionnaires.monthlyquestionnaireinstance",
        "pk": 98,
        "fields": {
            "questionnaire": "certificacion_mensual",
            "month": 5,
            "year": 2021,
            "comments": "",
            "extended": true,
            "creation_user": 1,
            "created_at": "2022-06-10T17:28:07.200Z"
        }
    },
    {
        "model": "questionnaires.monthlyquestionnaireinstance",
        "pk": 99,
        "fields": {
            "questionnaire": "certificacion_mensual",
            "month": 6,
            "year": 2021,
            "comments": "",
            "extended": true,
            "creation_user": 1,
            "created_at": "2022-06-10T17:28:07.246Z"
        }
    },
    {
        "model": "questionnaires.monthlyquestionnaireinstance",
        "pk": 100,
        "fields": {
            "questionnaire": "certificacion_mensual",
            "month": 7,
            "year": 2021,
            "comments": "",
            "extended": true,
            "creation_user": 1,
            "created_at": "2022-06-10T17:28:07.315Z"
        }
    },
    {
        "model": "questionnaires.monthlyquestionnaireinstance",
        "pk": 101,
        "fields": {
            "questionnaire": "certificacion_mensual",
            "month": 12,
            "year": 2020,
            "comments": "",
            "extended": true,
            "creation_user": 1,
            "created_at": "2022-06-10T17:28:41.285Z"
        }
    },
    {
        "model": "questionnaires.monthlyquestionnaireinstance",
        "pk": 102,
        "fields": {
            "questionnaire": "certificacion_mensual",
            "month": 1,
            "year": 2021,
            "comments": "",
            "extended": true,
            "creation_user": 1,
            "created_at": "2022-06-10T17:28:41.366Z"
        }
    },
    {
        "model": "questionnaires.monthlyquestionnaireinstance",
        "pk": 103,
        "fields": {
            "questionnaire": "certificacion_mensual",
            "month": 2,
            "year": 2021,
            "comments": "",
            "extended": true,
            "creation_user": 1,
            "created_at": "2022-06-10T17:28:41.520Z"
        }
    },
    {
        "model": "questionnaires.monthlyquestionnaireinstance",
        "pk": 104,
        "fields": {
            "questionnaire": "certificacion_mensual",
            "month": 3,
            "year": 2021,
            "comments": "",
            "extended": true,
            "creation_user": 1,
            "created_at": "2022-06-10T17:28:41.591Z"
        }
    },
    {
        "model": "questionnaires.monthlyquestionnaireinstance",
        "pk": 105,
        "fields": {
            "questionnaire": "certificacion_mensual",
            "month": 4,
            "year": 2021,
            "comments": "",
            "extended": true,
            "creation_user": 1,
            "created_at": "2022-06-10T17:28:41.626Z"
        }
    },
    {
        "model": "questionnaires.monthlyquestionnaireinstance",
        "pk": 106,
        "fields": {
            "questionnaire": "certificacion_mensual",
            "month": 5,
            "year": 2021,
            "comments": "",
            "extended": true,
            "creation_user": 1,
            "created_at": "2022-06-10T17:28:41.656Z"
        }
    },
    {
        "model": "questionnaires.monthlyquestionnaireinstance",
        "pk": 107,
        "fields": {
            "questionnaire": "certificacion_mensual",
            "month": 6,
            "year": 2021,
            "comments": "",
            "extended": true,
            "creation_user": 1,
            "created_at": "2022-06-10T17:28:41.685Z"
        }
    },
    {
        "model": "questionnaires.monthlyquestionnaireinstance",
        "pk": 108,
        "fields": {
            "questionnaire": "certificacion_mensual",
            "month": 7,
            "year": 2021,
            "comments": "",
            "extended": true,
            "creation_user": 1,
            "created_at": "2022-06-10T17:28:41.713Z"
        }
    },
    {
        "model": "questionnaires.monthlyquestionnaireinstance",
        "pk": 109,
        "fields": {
            "questionnaire": "certificacion_mensual",
            "month": 12,
            "year": 2020,
            "comments": "",
            "extended": true,
            "creation_user": 1,
            "created_at": "2022-06-10T17:29:10.856Z"
        }
    },
    {
        "model": "questionnaires.monthlyquestionnaireinstance",
        "pk": 110,
        "fields": {
            "questionnaire": "certificacion_mensual",
            "month": 1,
            "year": 2021,
            "comments": "",
            "extended": true,
            "creation_user": 1,
            "created_at": "2022-06-10T17:29:10.925Z"
        }
    },
    {
        "model": "questionnaires.monthlyquestionnaireinstance",
        "pk": 111,
        "fields": {
            "questionnaire": "certificacion_mensual",
            "month": 2,
            "year": 2021,
            "comments": "",
            "extended": true,
            "creation_user": 1,
            "created_at": "2022-06-10T17:29:10.990Z"
        }
    },
    {
        "model": "questionnaires.monthlyquestionnaireinstance",
        "pk": 112,
        "fields": {
            "questionnaire": "certificacion_mensual",
            "month": 3,
            "year": 2021,
            "comments": "",
            "extended": true,
            "creation_user": 1,
            "created_at": "2022-06-10T17:29:11.054Z"
        }
    },
    {
        "model": "questionnaires.monthlyquestionnaireinstance",
        "pk": 113,
        "fields": {
            "questionnaire": "certificacion_mensual",
            "month": 4,
            "year": 2021,
            "comments": "",
            "extended": true,
            "creation_user": 1,
            "created_at": "2022-06-10T17:29:11.136Z"
        }
    },
    {
        "model": "questionnaires.monthlyquestionnaireinstance",
        "pk": 114,
        "fields": {
            "questionnaire": "certificacion_mensual",
            "month": 5,
            "year": 2021,
            "comments": "",
            "extended": true,
            "creation_user": 1,
            "created_at": "2022-06-10T17:29:11.201Z"
        }
    },
    {
        "model": "questionnaires.monthlyquestionnaireinstance",
        "pk": 115,
        "fields": {
            "questionnaire": "certificacion_mensual",
            "month": 6,
            "year": 2021,
            "comments": "",
            "extended": true,
            "creation_user": 1,
            "created_at": "2022-06-10T17:29:11.237Z"
        }
    },
    {
        "model": "questionnaires.monthlyquestionnaireinstance",
        "pk": 116,
        "fields": {
            "questionnaire": "certificacion_mensual",
            "month": 7,
            "year": 2021,
            "comments": "",
            "extended": true,
            "creation_user": 1,
            "created_at": "2022-06-10T17:29:11.272Z"
        }
    },
    {
        "model": "questionnaires.monthlyquestionnaireinstance",
        "pk": 117,
        "fields": {
            "questionnaire": "certificacion_mensual",
            "month": 12,
            "year": 2020,
            "comments": "",
            "extended": true,
            "creation_user": 1,
            "created_at": "2022-06-10T17:29:45.383Z"
        }
    },
    {
        "model": "questionnaires.monthlyquestionnaireinstance",
        "pk": 118,
        "fields": {
            "questionnaire": "certificacion_mensual",
            "month": 1,
            "year": 2021,
            "comments": "",
            "extended": true,
            "creation_user": 1,
            "created_at": "2022-06-10T17:29:45.436Z"
        }
    },
    {
        "model": "questionnaires.monthlyquestionnaireinstance",
        "pk": 119,
        "fields": {
            "questionnaire": "certificacion_mensual",
            "month": 2,
            "year": 2021,
            "comments": "",
            "extended": true,
            "creation_user": 1,
            "created_at": "2022-06-10T17:29:45.485Z"
        }
    },
    {
        "model": "questionnaires.monthlyquestionnaireinstance",
        "pk": 120,
        "fields": {
            "questionnaire": "certificacion_mensual",
            "month": 3,
            "year": 2021,
            "comments": "",
            "extended": true,
            "creation_user": 1,
            "created_at": "2022-06-10T17:29:45.535Z"
        }
    },
    {
        "model": "questionnaires.monthlyquestionnaireinstance",
        "pk": 121,
        "fields": {
            "questionnaire": "certificacion_mensual",
            "month": 4,
            "year": 2021,
            "comments": "",
            "extended": true,
            "creation_user": 1,
            "created_at": "2022-06-10T17:29:45.598Z"
        }
    },
    {
        "model": "questionnaires.monthlyquestionnaireinstance",
        "pk": 122,
        "fields": {
            "questionnaire": "certificacion_mensual",
            "month": 5,
            "year": 2021,
            "comments": "",
            "extended": true,
            "creation_user": 1,
            "created_at": "2022-06-10T17:29:45.631Z"
        }
    },
    {
        "model": "questionnaires.monthlyquestionnaireinstance",
        "pk": 123,
        "fields": {
            "questionnaire": "certificacion_mensual",
            "month": 6,
            "year": 2021,
            "comments": "",
            "extended": true,
            "creation_user": 1,
            "created_at": "2022-06-10T17:29:45.659Z"
        }
    },
    {
        "model": "questionnaires.monthlyquestionnaireinstance",
        "pk": 124,
        "fields": {
            "questionnaire": "certificacion_mensual",
            "month": 7,
            "year": 2021,
            "comments": "",
            "extended": true,
            "creation_user": 1,
            "created_at": "2022-06-10T17:29:45.698Z"
        }
    },
    {
        "model": "questionnaires.monthlyquestionnairevalue",
        "pk": 87,
        "fields": {
            "questionnaire_instance": 77,
            "code": "monto_certificado",
            "datatype": "integer",
            "label": "Monto certificado",
            "expected_value": "51078850",
            "value": "99245475"
        }
    },
    {
        "model": "questionnaires.monthlyquestionnairevalue",
        "pk": 88,
        "fields": {
            "questionnaire_instance": 78,
            "code": "monto_certificado",
            "datatype": "integer",
            "label": "Monto certificado",
            "expected_value": "51078850",
            "value": "18282061"
        }
    },
    {
        "model": "questionnaires.monthlyquestionnairevalue",
        "pk": 89,
        "fields": {
            "questionnaire_instance": 79,
            "code": "monto_certificado",
            "datatype": "integer",
            "label": "Monto certificado",
            "expected_value": "51078850",
            "value": "36564122"
        }
    },
    {
        "model": "questionnaires.monthlyquestionnairevalue",
        "pk": 90,
        "fields": {
            "questionnaire_instance": 80,
            "code": "monto_certificado",
            "datatype": "integer",
            "label": "Monto certificado",
            "expected_value": "25539425",
            "value": "91410306"
        }
    },
    {
        "model": "questionnaires.monthlyquestionnairevalue",
        "pk": 91,
        "fields": {
            "questionnaire_instance": 81,
            "code": "monto_certificado",
            "datatype": "integer",
            "label": "Monto certificado",
            "expected_value": "25539425",
            "value": "15670338"
        }
    },
    {
        "model": "questionnaires.monthlyquestionnairevalue",
        "pk": 92,
        "fields": {
            "questionnaire_instance": 82,
            "code": "monto_certificado",
            "datatype": "integer",
            "label": "Monto certificado",
            "expected_value": "25539425",
            "value": "17726247"
        }
    },
    {
        "model": "questionnaires.monthlyquestionnairevalue",
        "pk": 93,
        "fields": {
            "questionnaire_instance": 83,
            "code": "monto_certificado",
            "datatype": "integer",
            "label": "Monto certificado",
            "expected_value": "12769712",
            "value": null
        }
    },
    {
        "model": "questionnaires.monthlyquestionnairevalue",
        "pk": 94,
        "fields": {
            "questionnaire_instance": 84,
            "code": "monto_certificado",
            "datatype": "integer",
            "label": "Monto certificado",
            "expected_value": "12769712",
            "value": null
        }
    },
    {
        "model": "questionnaires.monthlyquestionnairevalue",
        "pk": 95,
        "fields": {
            "questionnaire_instance": 85,
            "code": "monto_certificado",
            "datatype": "integer",
            "label": "Monto certificado",
            "expected_value": "51078850",
            "value": "2533181"
        }
    },
    {
        "model": "questionnaires.monthlyquestionnairevalue",
        "pk": 96,
        "fields": {
            "questionnaire_instance": 86,
            "code": "monto_certificado",
            "datatype": "integer",
            "label": "Monto certificado",
            "expected_value": "51078850",
            "value": "4611376"
        }
    },
    {
        "model": "questionnaires.monthlyquestionnairevalue",
        "pk": 97,
        "fields": {
            "questionnaire_instance": 87,
            "code": "monto_certificado",
            "datatype": "integer",
            "label": "Monto certificado",
            "expected_value": "51078850",
            "value": "9222751"
        }
    },
    {
        "model": "questionnaires.monthlyquestionnairevalue",
        "pk": 98,
        "fields": {
            "questionnaire_instance": 88,
            "code": "monto_certificado",
            "datatype": "integer",
            "label": "Monto certificado",
            "expected_value": "25539425",
            "value": "23056878"
        }
    },
    {
        "model": "questionnaires.monthlyquestionnairevalue",
        "pk": 99,
        "fields": {
            "questionnaire_instance": 89,
            "code": "monto_certificado",
            "datatype": "integer",
            "label": "Monto certificado",
            "expected_value": "25539425",
            "value": "3952608"
        }
    },
    {
        "model": "questionnaires.monthlyquestionnairevalue",
        "pk": 100,
        "fields": {
            "questionnaire_instance": 90,
            "code": "monto_certificado",
            "datatype": "integer",
            "label": "Monto certificado",
            "expected_value": "25539425",
            "value": "8475304"
        }
    },
    {
        "model": "questionnaires.monthlyquestionnairevalue",
        "pk": 101,
        "fields": {
            "questionnaire_instance": 91,
            "code": "monto_certificado",
            "datatype": "integer",
            "label": "Monto certificado",
            "expected_value": "12769712",
            "value": null
        }
    },
    {
        "model": "questionnaires.monthlyquestionnairevalue",
        "pk": 102,
        "fields": {
            "questionnaire_instance": 92,
            "code": "monto_certificado",
            "datatype": "integer",
            "label": "Monto certificado",
            "expected_value": "12769712",
            "value": null
        }
    },
    {
        "model": "questionnaires.monthlyquestionnairevalue",
        "pk": 103,
        "fields": {
            "questionnaire_instance": 93,
            "code": "monto_certificado",
            "datatype": "integer",
            "label": "Monto certificado",
            "expected_value": "48390489",
            "value": "97980581"
        }
    },
    {
        "model": "questionnaires.monthlyquestionnairevalue",
        "pk": 104,
        "fields": {
            "questionnaire_instance": 94,
            "code": "monto_certificado",
            "datatype": "integer",
            "label": "Monto certificado",
            "expected_value": "48390489",
            "value": "18049054"
        }
    },
    {
        "model": "questionnaires.monthlyquestionnairevalue",
        "pk": 105,
        "fields": {
            "questionnaire_instance": 95,
            "code": "monto_certificado",
            "datatype": "integer",
            "label": "Monto certificado",
            "expected_value": "48390489",
            "value": "36098109"
        }
    },
    {
        "model": "questionnaires.monthlyquestionnairevalue",
        "pk": 106,
        "fields": {
            "questionnaire_instance": 96,
            "code": "monto_certificado",
            "datatype": "integer",
            "label": "Monto certificado",
            "expected_value": "24195245",
            "value": "90245272"
        }
    },
    {
        "model": "questionnaires.monthlyquestionnairevalue",
        "pk": 107,
        "fields": {
            "questionnaire_instance": 97,
            "code": "monto_certificado",
            "datatype": "integer",
            "label": "Monto certificado",
            "expected_value": "24195245",
            "value": "15470618"
        }
    },
    {
        "model": "questionnaires.monthlyquestionnairevalue",
        "pk": 108,
        "fields": {
            "questionnaire_instance": 98,
            "code": "monto_certificado",
            "datatype": "integer",
            "label": "Monto certificado",
            "expected_value": "24195245",
            "value": "39799400"
        }
    },
    {
        "model": "questionnaires.monthlyquestionnairevalue",
        "pk": 109,
        "fields": {
            "questionnaire_instance": 99,
            "code": "monto_certificado",
            "datatype": "integer",
            "label": "Monto certificado",
            "expected_value": "12097622",
            "value": null
        }
    },
    {
        "model": "questionnaires.monthlyquestionnairevalue",
        "pk": 110,
        "fields": {
            "questionnaire_instance": 100,
            "code": "monto_certificado",
            "datatype": "integer",
            "label": "Monto certificado",
            "expected_value": "12097622",
            "value": null
        }
    },
    {
        "model": "questionnaires.monthlyquestionnairevalue",
        "pk": 111,
        "fields": {
            "questionnaire_instance": 101,
            "code": "monto_certificado",
            "datatype": "integer",
            "label": "Monto certificado",
            "expected_value": "51078850",
            "value": "162727223"
        }
    },
    {
        "model": "questionnaires.monthlyquestionnairevalue",
        "pk": 112,
        "fields": {
            "questionnaire_instance": 102,
            "code": "monto_certificado",
            "datatype": "integer",
            "label": "Monto certificado",
            "expected_value": "51078850",
            "value": "29976067"
        }
    },
    {
        "model": "questionnaires.monthlyquestionnairevalue",
        "pk": 113,
        "fields": {
            "questionnaire_instance": 103,
            "code": "monto_certificado",
            "datatype": "integer",
            "label": "Monto certificado",
            "expected_value": "51078850",
            "value": "59952135"
        }
    },
    {
        "model": "questionnaires.monthlyquestionnairevalue",
        "pk": 114,
        "fields": {
            "questionnaire_instance": 104,
            "code": "monto_certificado",
            "datatype": "integer",
            "label": "Monto certificado",
            "expected_value": "25539425",
            "value": "149880337"
        }
    },
    {
        "model": "questionnaires.monthlyquestionnairevalue",
        "pk": 115,
        "fields": {
            "questionnaire_instance": 105,
            "code": "monto_certificado",
            "datatype": "integer",
            "label": "Monto certificado",
            "expected_value": "25539425",
            "value": "25693772"
        }
    },
    {
        "model": "questionnaires.monthlyquestionnairevalue",
        "pk": 116,
        "fields": {
            "questionnaire_instance": 106,
            "code": "monto_certificado",
            "datatype": "integer",
            "label": "Monto certificado",
            "expected_value": "25539425",
            "value": "8540861"
        }
    },
    {
        "model": "questionnaires.monthlyquestionnairevalue",
        "pk": 117,
        "fields": {
            "questionnaire_instance": 107,
            "code": "monto_certificado",
            "datatype": "integer",
            "label": "Monto certificado",
            "expected_value": "12769712",
            "value": null
        }
    },
    {
        "model": "questionnaires.monthlyquestionnairevalue",
        "pk": 118,
        "fields": {
            "questionnaire_instance": 108,
            "code": "monto_certificado",
            "datatype": "integer",
            "label": "Monto certificado",
            "expected_value": "12769712",
            "value": null
        }
    },
    {
        "model": "questionnaires.monthlyquestionnairevalue",
        "pk": 119,
        "fields": {
            "questionnaire_instance": 109,
            "code": "monto_certificado",
            "datatype": "integer",
            "label": "Monto certificado",
            "expected_value": "37637047",
            "value": "123476521"
        }
    },
    {
        "model": "questionnaires.monthlyquestionnairevalue",
        "pk": 120,
        "fields": {
            "questionnaire_instance": 110,
            "code": "monto_certificado",
            "datatype": "integer",
            "label": "Monto certificado",
            "expected_value": "37637047",
            "value": "22745675"
        }
    },
    {
        "model": "questionnaires.monthlyquestionnairevalue",
        "pk": 121,
        "fields": {
            "questionnaire_instance": 111,
            "code": "monto_certificado",
            "datatype": "integer",
            "label": "Monto certificado",
            "expected_value": "37637047",
            "value": "45491350"
        }
    },
    {
        "model": "questionnaires.monthlyquestionnairevalue",
        "pk": 122,
        "fields": {
            "questionnaire_instance": 112,
            "code": "monto_certificado",
            "datatype": "integer",
            "label": "Monto certificado",
            "expected_value": "18818524",
            "value": "113728374"
        }
    },
    {
        "model": "questionnaires.monthlyquestionnairevalue",
        "pk": 123,
        "fields": {
            "questionnaire_instance": 113,
            "code": "monto_certificado",
            "datatype": "integer",
            "label": "Monto certificado",
            "expected_value": "18818524",
            "value": "19496293"
        }
    },
    {
        "model": "questionnaires.monthlyquestionnairevalue",
        "pk": 124,
        "fields": {
            "questionnaire_instance": 114,
            "code": "monto_certificado",
            "datatype": "integer",
            "label": "Monto certificado",
            "expected_value": "18818524",
            "value": "20263462"
        }
    },
    {
        "model": "questionnaires.monthlyquestionnairevalue",
        "pk": 125,
        "fields": {
            "questionnaire_instance": 115,
            "code": "monto_certificado",
            "datatype": "integer",
            "label": "Monto certificado",
            "expected_value": "9409262",
            "value": null
        }
    },
    {
        "model": "questionnaires.monthlyquestionnairevalue",
        "pk": 126,
        "fields": {
            "questionnaire_instance": 116,
            "code": "monto_certificado",
            "datatype": "integer",
            "label": "Monto certificado",
            "expected_value": "9409262",
            "value": null
        }
    },
    {
        "model": "questionnaires.monthlyquestionnairevalue",
        "pk": 127,
        "fields": {
            "questionnaire_instance": 117,
            "code": "monto_certificado",
            "datatype": "integer",
            "label": "Monto certificado",
            "expected_value": "29571966",
            "value": "89021148"
        }
    },
    {
        "model": "questionnaires.monthlyquestionnairevalue",
        "pk": 128,
        "fields": {
            "questionnaire_instance": 118,
            "code": "monto_certificado",
            "datatype": "integer",
            "label": "Monto certificado",
            "expected_value": "29571966",
            "value": "16398633"
        }
    },
    {
        "model": "questionnaires.monthlyquestionnairevalue",
        "pk": 129,
        "fields": {
            "questionnaire_instance": 119,
            "code": "monto_certificado",
            "datatype": "integer",
            "label": "Monto certificado",
            "expected_value": "29571966",
            "value": "32797265"
        }
    },
    {
        "model": "questionnaires.monthlyquestionnairevalue",
        "pk": 130,
        "fields": {
            "questionnaire_instance": 120,
            "code": "monto_certificado",
            "datatype": "integer",
            "label": "Monto certificado",
            "expected_value": "14785983",
            "value": "81993163"
        }
    },
    {
        "model": "questionnaires.monthlyquestionnairevalue",
        "pk": 131,
        "fields": {
            "questionnaire_instance": 121,
            "code": "monto_certificado",
            "datatype": "integer",
            "label": "Monto certificado",
            "expected_value": "14785983",
            "value": "14055971"
        }
    },
    {
        "model": "questionnaires.monthlyquestionnairevalue",
        "pk": 132,
        "fields": {
            "questionnaire_instance": 122,
            "code": "monto_certificado",
            "datatype": "integer",
            "label": "Monto certificado",
            "expected_value": "14785983",
            "value": "9113873"
        }
    },
    {
        "model": "questionnaires.monthlyquestionnairevalue",
        "pk": 133,
        "fields": {
            "questionnaire_instance": 123,
            "code": "monto_certificado",
            "datatype": "integer",
            "label": "Monto certificado",
            "expected_value": "7392991",
            "value": null
        }
    },
    {
        "model": "questionnaires.monthlyquestionnairevalue",
        "pk": 134,
        "fields": {
            "questionnaire_instance": 124,
            "code": "monto_certificado",
            "datatype": "integer",
            "label": "Monto certificado",
            "expected_value": "7392991",
            "value": null
        }
    },
    {
        "model": "monitoring.projectquestionnaireinstance",
        "pk": 77,
        "fields": {
            "project": 18,
            "questionnaire_instance": 77,
            "questionnaire": "certificacion_mensual"
        }
    },
    {
        "model": "monitoring.projectquestionnaireinstance",
        "pk": 78,
        "fields": {
            "project": 18,
            "questionnaire_instance": 78,
            "questionnaire": "certificacion_mensual"
        }
    },
    {
        "model": "monitoring.projectquestionnaireinstance",
        "pk": 79,
        "fields": {
            "project": 18,
            "questionnaire_instance": 79,
            "questionnaire": "certificacion_mensual"
        }
    },
    {
        "model": "monitoring.projectquestionnaireinstance",
        "pk": 80,
        "fields": {
            "project": 18,
            "questionnaire_instance": 80,
            "questionnaire": "certificacion_mensual"
        }
    },
    {
        "model": "monitoring.projectquestionnaireinstance",
        "pk": 81,
        "fields": {
            "project": 18,
            "questionnaire_instance": 81,
            "questionnaire": "certificacion_mensual"
        }
    },
    {
        "model": "monitoring.projectquestionnaireinstance",
        "pk": 82,
        "fields": {
            "project": 18,
            "questionnaire_instance": 82,
            "questionnaire": "certificacion_mensual"
        }
    },
    {
        "model": "monitoring.projectquestionnaireinstance",
        "pk": 83,
        "fields": {
            "project": 18,
            "questionnaire_instance": 83,
            "questionnaire": "certificacion_mensual"
        }
    },
    {
        "model": "monitoring.projectquestionnaireinstance",
        "pk": 84,
        "fields": {
            "project": 18,
            "questionnaire_instance": 84,
            "questionnaire": "certificacion_mensual"
        }
    },
    {
        "model": "monitoring.projectquestionnaireinstance",
        "pk": 85,
        "fields": {
            "project": 19,
            "questionnaire_instance": 85,
            "questionnaire": "certificacion_mensual"
        }
    },
    {
        "model": "monitoring.projectquestionnaireinstance",
        "pk": 86,
        "fields": {
            "project": 19,
            "questionnaire_instance": 86,
            "questionnaire": "certificacion_mensual"
        }
    },
    {
        "model": "monitoring.projectquestionnaireinstance",
        "pk": 87,
        "fields": {
            "project": 19,
            "questionnaire_instance": 87,
            "questionnaire": "certificacion_mensual"
        }
    },
    {
        "model": "monitoring.projectquestionnaireinstance",
        "pk": 88,
        "fields": {
            "project": 19,
            "questionnaire_instance": 88,
            "questionnaire": "certificacion_mensual"
        }
    },
    {
        "model": "monitoring.projectquestionnaireinstance",
        "pk": 89,
        "fields": {
            "project": 19,
            "questionnaire_instance": 89,
            "questionnaire": "certificacion_mensual"
        }
    },
    {
        "model": "monitoring.projectquestionnaireinstance",
        "pk": 90,
        "fields": {
            "project": 19,
            "questionnaire_instance": 90,
            "questionnaire": "certificacion_mensual"
        }
    },
    {
        "model": "monitoring.projectquestionnaireinstance",
        "pk": 91,
        "fields": {
            "project": 19,
            "questionnaire_instance": 91,
            "questionnaire": "certificacion_mensual"
        }
    },
    {
        "model": "monitoring.projectquestionnaireinstance",
        "pk": 92,
        "fields": {
            "project": 19,
            "questionnaire_instance": 92,
            "questionnaire": "certificacion_mensual"
        }
    },
    {
        "model": "monitoring.projectquestionnaireinstance",
        "pk": 93,
        "fields": {
            "project": 20,
            "questionnaire_instance": 93,
            "questionnaire": "certificacion_mensual"
        }
    },
    {
        "model": "monitoring.projectquestionnaireinstance",
        "pk": 94,
        "fields": {
            "project": 20,
            "questionnaire_instance": 94,
            "questionnaire": "certificacion_mensual"
        }
    },
    {
        "model": "monitoring.projectquestionnaireinstance",
        "pk": 95,
        "fields": {
            "project": 20,
            "questionnaire_instance": 95,
            "questionnaire": "certificacion_mensual"
        }
    },
    {
        "model": "monitoring.projectquestionnaireinstance",
        "pk": 96,
        "fields": {
            "project": 20,
            "questionnaire_instance": 96,
            "questionnaire": "certificacion_mensual"
        }
    },
    {
        "model": "monitoring.projectquestionnaireinstance",
        "pk": 97,
        "fields": {
            "project": 20,
            "questionnaire_instance": 97,
            "questionnaire": "certificacion_mensual"
        }
    },
    {
        "model": "monitoring.projectquestionnaireinstance",
        "pk": 98,
        "fields": {
            "project": 20,
            "questionnaire_instance": 98,
            "questionnaire": "certificacion_mensual"
        }
    },
    {
        "model": "monitoring.projectquestionnaireinstance",
        "pk": 99,
        "fields": {
            "project": 20,
            "questionnaire_instance": 99,
            "questionnaire": "certificacion_mensual"
        }
    },
    {
        "model": "monitoring.projectquestionnaireinstance",
        "pk": 100,
        "fields": {
            "project": 20,
            "questionnaire_instance": 100,
            "questionnaire": "certificacion_mensual"
        }
    },
    {
        "model": "monitoring.projectquestionnaireinstance",
        "pk": 101,
        "fields": {
            "project": 21,
            "questionnaire_instance": 101,
            "questionnaire": "certificacion_mensual"
        }
    },
    {
        "model": "monitoring.projectquestionnaireinstance",
        "pk": 102,
        "fields": {
            "project": 21,
            "questionnaire_instance": 102,
            "questionnaire": "certificacion_mensual"
        }
    },
    {
        "model": "monitoring.projectquestionnaireinstance",
        "pk": 103,
        "fields": {
            "project": 21,
            "questionnaire_instance": 103,
            "questionnaire": "certificacion_mensual"
        }
    },
    {
        "model": "monitoring.projectquestionnaireinstance",
        "pk": 104,
        "fields": {
            "project": 21,
            "questionnaire_instance": 104,
            "questionnaire": "certificacion_mensual"
        }
    },
    {
        "model": "monitoring.projectquestionnaireinstance",
        "pk": 105,
        "fields": {
            "project": 21,
            "questionnaire_instance": 105,
            "questionnaire": "certificacion_mensual"
        }
    },
    {
        "model": "monitoring.projectquestionnaireinstance",
        "pk": 106,
        "fields": {
            "project": 21,
            "questionnaire_instance": 106,
            "questionnaire": "certificacion_mensual"
        }
    },
    {
        "model": "monitoring.projectquestionnaireinstance",
        "pk": 107,
        "fields": {
            "project": 21,
            "questionnaire_instance": 107,
            "questionnaire": "certificacion_mensual"
        }
    },
    {
        "model": "monitoring.projectquestionnaireinstance",
        "pk": 108,
        "fields": {
            "project": 21,
            "questionnaire_instance": 108,
            "questionnaire": "certificacion_mensual"
        }
    },
    {
        "model": "monitoring.projectquestionnaireinstance",
        "pk": 109,
        "fields": {
            "project": 22,
            "questionnaire_instance": 109,
            "questionnaire": "certificacion_mensual"
        }
    },
    {
        "model": "monitoring.projectquestionnaireinstance",
        "pk": 110,
        "fields": {
            "project": 22,
            "questionnaire_instance": 110,
            "questionnaire": "certificacion_mensual"
        }
    },
    {
        "model": "monitoring.projectquestionnaireinstance",
        "pk": 111,
        "fields": {
            "project": 22,
            "questionnaire_instance": 111,
            "questionnaire": "certificacion_mensual"
        }
    },
    {
        "model": "monitoring.projectquestionnaireinstance",
        "pk": 112,
        "fields": {
            "project": 22,
            "questionnaire_instance": 112,
            "questionnaire": "certificacion_mensual"
        }
    },
    {
        "model": "monitoring.projectquestionnaireinstance",
        "pk": 113,
        "fields": {
            "project": 22,
            "questionnaire_instance": 113,
            "questionnaire": "certificacion_mensual"
        }
    },
    {
        "model": "monitoring.projectquestionnaireinstance",
        "pk": 114,
        "fields": {
            "project": 22,
            "questionnaire_instance": 114,
            "questionnaire": "certificacion_mensual"
        }
    },
    {
        "model": "monitoring.projectquestionnaireinstance",
        "pk": 115,
        "fields": {
            "project": 22,
            "questionnaire_instance": 115,
            "questionnaire": "certificacion_mensual"
        }
    },
    {
        "model": "monitoring.projectquestionnaireinstance",
        "pk": 116,
        "fields": {
            "project": 22,
            "questionnaire_instance": 116,
            "questionnaire": "certificacion_mensual"
        }
    },
    {
        "model": "monitoring.projectquestionnaireinstance",
        "pk": 117,
        "fields": {
            "project": 23,
            "questionnaire_instance": 117,
            "questionnaire": "certificacion_mensual"
        }
    },
    {
        "model": "monitoring.projectquestionnaireinstance",
        "pk": 118,
        "fields": {
            "project": 23,
            "questionnaire_instance": 118,
            "questionnaire": "certificacion_mensual"
        }
    },
    {
        "model": "monitoring.projectquestionnaireinstance",
        "pk": 119,
        "fields": {
            "project": 23,
            "questionnaire_instance": 119,
            "questionnaire": "certificacion_mensual"
        }
    },
    {
        "model": "monitoring.projectquestionnaireinstance",
        "pk": 120,
        "fields": {
            "project": 23,
            "questionnaire_instance": 120,
            "questionnaire": "certificacion_mensual"
        }
    },
    {
        "model": "monitoring.projectquestionnaireinstance",
        "pk": 121,
        "fields": {
            "project": 23,
            "questionnaire_instance": 121,
            "questionnaire": "certificacion_mensual"
        }
    },
    {
        "model": "monitoring.projectquestionnaireinstance",
        "pk": 122,
        "fields": {
            "project": 23,
            "questionnaire_instance": 122,
            "questionnaire": "certificacion_mensual"
        }
    },
    {
        "model": "monitoring.projectquestionnaireinstance",
        "pk": 123,
        "fields": {
            "project": 23,
            "questionnaire_instance": 123,
            "questionnaire": "certificacion_mensual"
        }
    },
    {
        "model": "monitoring.projectquestionnaireinstance",
        "pk": 124,
        "fields": {
            "project": 23,
            "questionnaire_instance": 124,
            "questionnaire": "certificacion_mensual"
        }
    }
]
