[
    {
        "model": "app.contact",
        "pk": 1,
        "fields": {
            "name": "Ing. Cinthia Soledad Melgarejo",
            "gender": "F",
            "phone": "",
            "email": "",
            "comments": "CI Nº 2.900.095"
        }
    },
    {
        "model": "app.contractorcontact",
        "fields": {
            "entity": 1,
            "contact": 1,
            "post": "responsable_del_contratista"
        }
    },
    {
        "model": "app.contact",
        "pk": 2,
        "fields": {
            "name": "Arq. Sebastián Pérez Codas",
            "gender": "M",
            "phone": "",
            "email": "",
            "comments": "CI Nº 2.442.601"
        }
    },
    {
        "model": "app.contractorcontact",
        "fields": {
            "entity": 1,
            "contact": 2,
            "post": "responsable_del_contratista"
        }
    },
    {
        "model": "app.contractor",
        "pk": 1,
        "fields": {
            "name": "CONSORCIO YSAKA",
            "contractor_type": "company",
            "address": "José Berges nº 676, c/ Rosa Peña, Asunción",
            "phone": "(021) 224-951",
            "email": "",
            "comments": "RUC Nº 80109430-5"
        }
    },
    {
        "model": "app.contact",
        "pk": 3,
        "fields": {
            "name": "Prueba Residente Obra",
            "gender": "F",
            "phone": "(021) 123-123",
            "email": "residente_de_obra@test.com",
            "comments": "Residente de obra de pruebas",
            "user": 2
        }
    },
    {
        "model": "app.contractcontact",
        "fields": {
            "entity": 1,
            "contact": 3,
            "post": "residente_de_obra"
        }
    },
    {
        "model": "app.contact",
        "pk": 4,
        "fields": {
            "name": "Prueba Fiscal de Obra",
            "gender": "M",
            "phone": "(021) 234-234",
            "email": "fiscal_obra@test.com",
            "comments": "Fiscal de obra de pruebas",
            "user": 3
        }
    },
    {
        "model": "app.contractcontact",
        "fields": {
            "entity": 1,
            "contact": 4,
            "post": "fiscal_de_obra"
        }
    },
    {
        "model": "app.contact",
        "pk": 5,
        "fields": {
            "name": "Prueba Supervisor de Obra",
            "gender": "M",
            "phone": "(021) 345-345",
            "email": "supervisor_de_obra@test.com",
            "comments": "Supervisor de obra de pruebas",
            "user": 5
        }
    },
    {
        "model": "app.contractcontact",
        "fields": {
            "entity": 1,
            "contact": 5,
            "post": "supervisor_de_obra"
        }
    },
    {
        "model": "app.contact",
        "pk": 6,
        "fields": {
            "name": "Prueba Coordinador Social",
            "gender": "F",
            "phone": "(021) 456-456",
            "email": "coordinador_social@test.com",
            "comments": "Coordinador social de pruebas"
        }
    },
    {
        "model": "app.contractcontact",
        "fields": {
            "entity": 1,
            "contact": 6,
            "post": "coordinador_social"
        }
    },
    {
        "model": "app.contact",
        "pk": 8,
        "fields": {
            "name": "Prueba Supervisor Social",
            "gender": "F",
            "phone": "(021) 678-678",
            "email": "supervisor_social@test.com",
            "comments": "Supervisor social de pruebas"
        }
    },
    {
        "model": "app.contractcontact",
        "fields": {
            "entity": 1,
            "contact": 8,
            "post": "supervisor_social"
        }
    },
    {
        "model": "app.ConstructionContract",
        "pk": 1,
        "fields": {
            "number": "13/2019",
            "comments": "Contrato LI-12008-19-183449 correspondiente al Grupo 1: Concepción - San Pedro de la licitación Nº 01/2019 (364644) asociada al contrato de préstamo 3601/OC-PR",
            "services": ["ejecucion_de_obra"],
            "total_amount_type": "maximo_minimo",
            "product_frequency_type": "no_mensual",
            "payment_criteria_type": "variable",
            "bid_request_number": "LPI - 01/2019",
            "bid_request_id": "364644",
            "bid_request_date": "2022-06-04",
            "bid_request_budget_min": 500000000,
            "bid_request_budget": 700000000,
            "awarding_budget_min": 460000000,
            "awarding_budget": 600000000,
            "awarding_percentage_drop": 7.82,
            "awarding_date": "2022-11-15",
            "financing_program": 1,
            "contractor": 1,
            "execution_signature_date": "2023-04-11",
            "execution_start_date": "2023-04-29",
            "expected_execution_period": 280,
            "warranty_end_date": "2025-12-11",
            "closed": false,
            "creation_user": 1,
            "created_at": "2019-12-01T00:00:00Z",
            "updated_by": 1,
            "updated_at": "2019-12-01T00:00:00Z"
        }
    },
    {
        "model": "app.infrastructure",
        "pk": 1,
        "fields": {
            "locality": "0104330",
            "latitude": -23.30208,
            "longitude": -57.303074,
            "altitude": 100
        }
    },
    {
        "model": "app.provider",
        "pk": 1,
        "fields": {
            "name": "Junta de Saneamiento Loma Florida Costa Florida",
            "area": "rural",
            "created_by": 1,
            "created_at": "2019-12-01T00:00:00Z",
            "updated_by": 1,
            "updated_at": "2019-12-01T00:00:00Z"
        }
    },
    {
        "model": "app.contact",
        "pk": 9,
        "fields": {
            "name": "María Flores",
            "gender": "F",
            "phone": "",
            "email": "",
            "comments": ""
        }
    },
    {
        "model": "app.providercontact",
        "fields": {
            "entity": 1,
            "contact": 9,
            "post": "presidencia_prestador"
        }
    },
    {
        "model": "app.contact",
        "pk": 10,
        "fields": {
            "name": "Rodrigo García",
            "gender": "M",
            "phone": "",
            "email": "",
            "comments": ""
        }
    },
    {
        "model": "app.providercontact",
        "fields": {
            "entity": 1,
            "contact": 10,
            "post": "tesoreria_prestador"
        }
    },
    {
        "model": "app.contact",
        "pk": 11,
        "fields": {
            "name": "Mercedes Sánchez",
            "gender": "F",
            "phone": "",
            "email": "",
            "comments": ""
        }
    },
    {
        "model": "app.providercontact",
        "fields": {
            "entity": 1,
            "contact": 11,
            "post": "secretaria_prestador"
        }
    },
    {
        "model": "app.contact",
        "pk": 12,
        "fields": {
            "name": "Paula Álvarez",
            "gender": "F",
            "phone": "",
            "email": "",
            "comments": ""
        }
    },
    {
        "model": "app.providercontact",
        "fields": {
            "entity": 1,
            "contact": 12,
            "post": "otra_prestador"
        }
    },
    {
        "model": "app.project",
        "pk": 1,
        "fields": {
            "description": "Nuevo Sistema de Agua Potable y Unidad Básica Sanitaria (UBS)",
            "code": "2023-AP-002",
            "init_date": "2023-09-30",
            "main_infrastructure": 1,
            "provider": 1,
            "linked_localities": ["0104330"],
            "closed": false,
            "creation_user": 1,
            "created_at": "2023-12-01T00:00:00Z",
            "updated_at": "2023-12-01T00:00:00Z"
        }
    },
    {
        "model": "app.projectwork",
        "fields": {
            "project": 1,
            "work_type": "agua",
            "work_class": "nueva_construccion"
        }
    },
    {
        "model": "app.projectwork",
        "fields": {
            "project": 1,
            "work_type": "alcantarillado",
            "work_class": "mejora"
        }
    },
    {
        "model": "app.infrastructure",
        "pk": 2,
        "fields": {
            "locality": "0104200",
            "latitude": -23.241501,
            "longitude": -57.270258,
            "altitude": 100
        }
    },
    {
        "model": "app.provider",
        "pk": 2,
        "fields": {
            "name": "Junta de Saneamiento Virgen del Camino",
            "area": "rural",
            "contacts": [],
            "created_by": 1,
            "created_at": "2019-12-01T00:00:00Z",
            "updated_by": 1,
            "updated_at": "2019-12-01T00:00:00Z"
        }
    },
    {
        "model": "app.project",
        "pk": 2,
        "fields": {
            "description": "Mejoramiento de Sistema de Agua Potable y Unidad Básica Sanitaria (UBS)",
            "code": "2023-AP-003",
            "init_date": "2023-08-31",
            "main_infrastructure": 2,
            "provider": 2,
            "linked_localities": ["0104200"],
            "closed": false,
            "creation_user": 1,
            "created_at": "2023-12-01T00:00:00Z",
            "updated_at": "2023-12-01T00:00:00Z"
        }
    },
    {
        "model": "app.projectwork",
        "fields": {
            "project": 2,
            "work_type": "agua",
            "work_class": "nueva_construccion"
        }
    },
    {
        "model": "app.infrastructure",
        "pk": 3,
        "fields": {
            "locality": "0104360",
            "latitude": -23.255259,
            "longitude": -57.224054,
            "altitude": 100
        }
    },
    {
        "model": "app.provider",
        "pk": 3,
        "fields": {
            "name": "Junta de Saneamiento Ycua Porá - Cañada Lourdes",
            "area": "rural",
            "contacts": [],
            "created_by": 1,
            "created_at": "2019-12-01T00:00:00Z",
            "updated_by": 1,
            "updated_at": "2019-12-01T00:00:00Z"
        }
    },
    {
        "model": "app.project",
        "pk": 3,
        "fields": {
            "description": "Nuevo Sistema de Agua Potable y Unidades Básicas Sanitarias(UBS)",
            "code": "2023-AP-004",
            "init_date": "2023-10-31",
            "main_infrastructure": 3,
            "provider": 3,
            "linked_localities": ["0104190", "0104360"],
            "closed": false,
            "creation_user": 1,
            "created_at": "2023-12-01T00:00:00Z",
            "updated_at": "2023-12-01T00:00:00Z"
        }
    },
    {
        "model": "app.projectwork",
        "fields": {
            "project": 3,
            "work_type": "alcantarillado",
            "work_class": "nueva_construccion"
        }
    },
    {
        "model": "app.projectwork",
        "fields": {
            "project": 3,
            "work_type": "sanitarios",
            "work_class": "mejora"
        }
    },
    {
        "model": "app.infrastructure",
        "pk": 4,
        "fields": {
            "locality": "0218880",
            "latitude": -23.845199,
            "longitude": -56.424334,
            "altitude": 100
        }
    },
    {
        "model": "app.provider",
        "pk": 4,
        "fields": {
            "name": "Junta de Saneamiento San Miguel del Norte",
            "area": "rural",
            "contacts": [],
            "created_by": 1,
            "created_at": "2019-12-01T00:00:00Z",
            "updated_by": 1,
            "updated_at": "2019-12-01T00:00:00Z"
        }
    },
    {
        "model": "app.project",
        "pk": 4,
        "fields": {
            "description": "Mejoramiento de Sistema de Agua Potable y Unidad Básica Sanitaria (UBS)",
            "code": "2023-AP-005",
            "init_date": "2023-11-12",
            "main_infrastructure": 4,
            "provider": 4,
            "linked_localities": ["0218880", "0218260"],
            "closed": false,
            "creation_user": 1,
            "created_at": "2023-12-01T00:00:00Z",
            "updated_at": "2023-12-01T00:00:00Z"
        }
    },
    {
        "model": "app.projectwork",
        "fields": {
            "project": 4,
            "work_type": "sanitarios",
            "work_class": "ampliacion"
        }
    },
    {
        "model": "app.ProjectQuestionnaireInstance",
        "pk": null,
        "fields": {
            "project": 1,
            "questionnaire_instance": 1,
            "questionnaire": "certificacion_mensual"
        }
    },
    {
        "model": "app.ProjectQuestionnaireInstance",
        "pk": null,
        "fields": {
            "project": 1,
            "questionnaire_instance": 2,
            "questionnaire": "certificacion_mensual"
        }
    },
    {
        "model": "app.ProjectQuestionnaireInstance",
        "pk": null,
        "fields": {
            "project": 1,
            "questionnaire_instance": 3,
            "questionnaire": "certificacion_mensual"
        }
    },
    {
        "model": "app.ProjectQuestionnaireInstance",
        "pk": null,
        "fields": {
            "project": 1,
            "questionnaire_instance": 4,
            "questionnaire": "tendido_red_mensual"
        }
    },
    {
        "model": "app.ProjectQuestionnaireInstance",
        "pk": null,
        "fields": {
            "project": 1,
            "questionnaire_instance": 5,
            "questionnaire": "tendido_red_mensual"
        }
    },
    {
        "model": "app.ProjectQuestionnaireInstance",
        "pk": null,
        "fields": {
            "project": 1,
            "questionnaire_instance": 6,
            "questionnaire": "tendido_red_mensual"
        }
    },
    {
        "model": "app.ProjectQuestionnaireInstance",
        "pk": null,
        "fields": {
            "project": 2,
            "questionnaire_instance": 7,
            "questionnaire": "certificacion_mensual"
        }
    },
    {
        "model": "app.ProjectQuestionnaireInstance",
        "pk": null,
        "fields": {
            "project": 2,
            "questionnaire_instance": 8,
            "questionnaire": "certificacion_mensual"
        }
    },
    {
        "model": "app.ProjectQuestionnaireInstance",
        "pk": null,
        "fields": {
            "project": 2,
            "questionnaire_instance": 9,
            "questionnaire": "certificacion_mensual"
        }
    },
    {
        "model": "app.ProjectQuestionnaireInstance",
        "pk": null,
        "fields": {
            "project": 2,
            "questionnaire_instance": 10,
            "questionnaire": "tendido_red_mensual"
        }
    },
    {
        "model": "app.ProjectQuestionnaireInstance",
        "pk": null,
        "fields": {
            "project": 2,
            "questionnaire_instance": 11,
            "questionnaire": "tendido_red_mensual"
        }
    },
    {
        "model": "app.ProjectQuestionnaireInstance",
        "pk": null,
        "fields": {
            "project": 2,
            "questionnaire_instance": 12,
            "questionnaire": "tendido_red_mensual"
        }
    },
    {
        "model": "app.ProjectQuestionnaireInstance",
        "pk": null,
        "fields": {
            "project": 1,
            "questionnaire_instance": 22,
            "questionnaire": "certificacion_mensual"
        }
    },
    {
        "model": "app.payment",
        "pk": 56,
        "fields": {
            "name": "Informe inicial",
            "expected_fixed_amount": 70000000,
            "expected_total_amount": 70000000,
            "expected_approval_date": "2023-06-01",
            "paid_fixed_amount": 70000000,
            "paid_total_amount": 70000000,
            "status": "aprobado",
            "approval_date": "2023-06-15",
            "contract": 1,
            "created_by": 1,
            "created_at": "2020-12-01T00:00:00Z",
            "updated_by": 1,
            "updated_at": "2020-12-01T00:00:00Z"
        }
    },
    {
        "model": "app.payment",
        "pk": 57,
        "fields": {
            "name": "Septiembre 2023",
            "expected_fixed_amount": 50000000,
            "expected_total_amount": 50000000,
            "expected_approval_date": "2023-09-01",
            "paid_fixed_amount": 110000000,
            "paid_total_amount": 110000000,
            "status": "aprobado",
            "approval_date": "2023-09-25",
            "contract": 1,
            "created_by": 1,
            "created_at": "2020-12-01T00:00:00Z",
            "updated_by": 1,
            "updated_at": "2020-12-01T00:00:00Z"
        }
    },
    {
        "model": "app.payment",
        "pk": 58,
        "fields": {
            "name": "Octubre 2023",
            "expected_fixed_amount": 130000000,
            "expected_total_amount": 130000000,
            "expected_approval_date": "2023-10-01",
            "paid_fixed_amount": 90000000,
            "paid_total_amount": 90000000,
            "status": "aprobado",
            "approval_date": "2023-11-15",
            "contract": 1,
            "created_by": 1,
            "created_at": "2020-12-01T00:00:00Z",
            "updated_by": 1,
            "updated_at": "2020-12-01T00:00:00Z"
        }
    },
    {
        "model": "app.payment",
        "pk": 59,
        "fields": {
            "name": "Noviembre 2023",
            "expected_fixed_amount": 150000000,
            "expected_total_amount": 150000000,
            "expected_approval_date": "2023-11-01",
            "paid_fixed_amount": 140000000,
            "paid_total_amount": 140000000,
            "status": "aprobado",
            "approval_date": "2023-11-20",
            "contract": 1,
            "created_by": 1,
            "created_at": "2020-12-01T00:00:00Z",
            "updated_by": 1,
            "updated_at": "2020-12-01T00:00:00Z"
        }
    },
    {
        "model": "app.payment",
        "pk": 60,
        "fields": {
            "name": "Diciembre 2023",
            "expected_fixed_amount": 80000000,
            "expected_total_amount": 80000000,
            "expected_approval_date": "2023-12-01",
            "paid_fixed_amount": 80000000,
            "paid_total_amount": 80000000,
            "status": "aprobado",
            "approval_date": "2023-12-20",
            "contract": 1,
            "created_by": 1,
            "created_at": "2020-12-01T00:00:00Z",
            "updated_by": 1,
            "updated_at": "2020-12-01T00:00:00Z"
        }
    },
    {
        "model": "app.payment",
        "pk": 61,
        "fields": {
            "name": "Enero 2024",
            "expected_fixed_amount": 120000000,
            "expected_total_amount": 120000000,
            "expected_approval_date": "2024-01-01",
            "paid_fixed_amount": null,
            "paid_total_amount": null,
            "status": "pendiente",
            "approval_date": null,
            "contract": 1,
            "created_by": 1,
            "created_at": "2020-12-01T00:00:00Z",
            "updated_by": 1,
            "updated_at": "2020-12-01T00:00:00Z"
        }
    },
    {
        "model": "app.payment",
        "pk": 62,
        "fields": {
            "name": "Abril 2024",
            "expected_fixed_amount": 50000000,
            "expected_total_amount": 50000000,
            "expected_approval_date": "2024-04-01",
            "paid_fixed_amount": null,
            "paid_total_amount": null,
            "status": "pendiente",
            "approval_date": null,
            "contract": 1,
            "created_by": 1,
            "created_at": "2020-12-01T00:00:00Z",
            "updated_by": 1,
            "updated_at": "2020-12-01T00:00:00Z"
        }
    },
    {
        "model": "app.amendment",
        "pk": 1,
        "fields": {
            "signature_date": "2024-01-01",
            "amendment_type": "mixed",
            "extra_amount": 50000000,
            "extra_period": 90,
            "contract": 1,
            "created_by": 1,
            "created_at": "2020-12-01T00:00:00Z",
            "updated_by": 1,
            "updated_at": "2020-12-01T00:00:00Z"
        }
    },
    {
        "model": "app.comment",
        "pk": 1,
        "fields": {
            "text": "Comentario de prueba 1 sobre el seguimiento",
            "created_by": 1,
            "created_at": "2020-12-01T00:00:00Z",
            "updated_by": 1,
            "updated_at": "2020-12-01T00:00:00Z"
        }
    },
    {
        "model": "app.comment",
        "pk": 2,
        "fields": {
            "text": "Comentario de prueba 2 sobre el seguimiento",
            "created_by": 2,
            "created_at": "2020-12-01T00:00:00Z",
            "updated_by": 2,
            "updated_at": "2020-12-01T00:00:00Z"
        }
    },
    {
        "model": "app.socialcomponentmonitoring",
        "pk": 1,
        "fields": {
            "created_at": "2023-11-23T10:50:11.474Z",
            "updated_at": "2023-11-23T10:50:11.480Z",
            "active": true,
            "created_by": 1,
            "updated_by": 1,
            "featured_image": null,
            "featured_document": null,
            "code": "tendido_red",
            "name": "Asistencia técnica y capacitación en excavación y tendido de red",
            "execution_status": "en_proceso",
            "quality_status": "bien",
            "expected_end_date": "2023-11-24",
            "real_end_date": null,
            "progress_percentage": "20",
            "project": 1,
            "comments": []
        }
    },
    {
        "model": "app.socialcomponentmonitoring",
        "pk": 2,
        "fields": {
            "created_at": "2023-11-23T10:50:11.481Z",
            "updated_at": "2023-11-23T10:50:11.486Z",
            "active": true,
            "created_by": 1,
            "updated_by": 1,
            "featured_image": null,
            "featured_document": null,
            "code": "temas_significativos",
            "name": "Sensibilización para el cambio de comportamiento en temas significativos",
            "execution_status": "en_proceso",
            "quality_status": "bien",
            "expected_end_date": "2023-12-24",
            "real_end_date": null,
            "progress_percentage": "40",
            "project": 1,
            "comments": []
        }
    },
    {
        "model": "app.socialcomponentmonitoring",
        "pk": 3,
        "fields": {
            "created_at": "2023-11-23T10:50:11.487Z",
            "updated_at": "2023-11-23T10:50:11.492Z",
            "active": true,
            "created_by": 1,
            "updated_by": 1,
            "featured_image": null,
            "featured_document": null,
            "code": "operacion_mantenimiento",
            "name": "Capacitación en operación y mantenimiento del sistema de abastecimiento de agua",
            "execution_status": "en_proceso",
            "quality_status": "regular",
            "expected_end_date": "2023-11-24",
            "real_end_date": null,
            "progress_percentage": "80",
            "project": 1,
            "comments": []
        }
    },
    {
        "model": "app.socialcomponentmonitoring",
        "pk": 4,
        "fields": {
            "created_at": "2023-11-23T10:50:11.552Z",
            "updated_at": "2023-11-23T10:50:11.555Z",
            "active": true,
            "created_by": 1,
            "updated_by": 1,
            "featured_image": null,
            "featured_document": null,
            "code": "tendido_red",
            "name": "Asistencia técnica y capacitación en excavación y tendido de red",
            "execution_status": "finalizado",
            "quality_status": "bien",
            "expected_end_date": "2023-11-24",
            "real_end_date": "2023-12-01",
            "progress_percentage": "100",
            "project": 2,
            "comments": []
        }
    },
    {
        "model": "app.socialcomponenttraining",
        "pk": 1,
        "fields": {
            "created_at": "2023-11-24T10:14:31.581Z",
            "updated_at": "2023-11-24T10:14:31.594Z",
            "active": true,
            "created_by": 1,
            "updated_by": 1,
            "featured_image": null,
            "featured_document": null,
            "name": "Capacitación Directiva",
            "start_date": "2023-01-01",
            "end_date": "2023-01-31",
            "target_population": ["miembros_de_la_comision_directiva_prestador"],
            "method": "taller_zonal",
            "number_of_women": 10,
            "number_of_men": 6,
            "number_of_hours": 45,
            "number_of_digital_materials": 2,
            "number_of_printed_materials": 4,
            "social_component_monitoring": 1,
            "contract": 1,
            "contractor": 1
        }
    },
    {
        "model": "app.ContractProject",
        "pk": null,
        "fields": {
            "contract": 1,
            "project": 1,
            "construction": true
        }
    },
    {
        "model": "app.ContractProject",
        "pk": null,
        "fields": {
            "contract": 1,
            "project": 2,
            "construction": true
        }
    },
    {
        "model": "app.ContractProject",
        "pk": null,
        "fields": {
            "contract": 1,
            "project": 3,
            "construction": true
        }
    },
    {
        "model": "app.ContractProject",
        "pk": null,
        "fields": {
            "contract": 1,
            "project": 4,
            "construction": true
        }
    },
    {
        "model": "app.connection",
        "pk": 1,
        "fields": {
            "created_at": "2024-02-26T09:55:10.946Z",
            "updated_at": "2024-02-26T10:41:04.428Z",
            "active": true,
            "created_by": 1,
            "updated_by": 1,
            "featured_image": null,
            "featured_document": null,
            "number_of_households": 100,
            "number_of_existing_connections": null,
            "number_of_planned_connections": 80,
            "number_of_actual_connections": 30,
            "project": 1,
            "comments": []
        }
    },
    {
        "model": "app.connection",
        "pk": 2,
        "fields": {
            "created_at": "2024-02-26T09:55:11.040Z",
            "updated_at": "2024-02-26T10:41:36.795Z",
            "active": true,
            "created_by": 1,
            "updated_by": 1,
            "featured_image": null,
            "featured_document": null,
            "number_of_households": 200,
            "number_of_existing_connections": 10,
            "number_of_planned_connections": 80,
            "number_of_actual_connections": 65,
            "project": 2,
            "comments": []
        }
    },
    {
        "model": "app.connection",
        "pk": 3,
        "fields": {
            "created_at": "2024-02-26T09:55:11.209Z",
            "updated_at": "2024-02-26T10:42:00.293Z",
            "active": true,
            "created_by": 1,
            "updated_by": 1,
            "featured_image": null,
            "featured_document": null,
            "number_of_households": 130,
            "number_of_existing_connections": null,
            "number_of_planned_connections": 70,
            "number_of_actual_connections": 10,
            "project": 3,
            "comments": []
        }
    },
    {
        "model": "app.connection",
        "pk": 4,
        "fields": {
            "created_at": "2024-02-26T09:55:11.307Z",
            "updated_at": "2024-02-26T10:42:32.921Z",
            "active": true,
            "created_by": 1,
            "updated_by": 1,
            "featured_image": null,
            "featured_document": null,
            "number_of_households": 350,
            "number_of_existing_connections": 150,
            "number_of_planned_connections": 200,
            "number_of_actual_connections": 45,
            "project": 4,
            "comments": []
        }
    },
    {
        "model": "app.certification",
        "fields": {
            "created_at": "2023-11-17T10:14:47.014Z",
            "created_by": 1,
            "updated_at": "2023-11-17T10:17:29.145Z",
            "updated_by": 1,
            "active": true,
            "expected_amount": 17500000,
            "approved_amount": 30000000,
            "payment": 57,
            "project": 1,
            "notes": "",
            "comments": []
        }
    },
    {
        "model": "app.certification",
        "fields": {
            "created_at": "2023-11-17T10:14:47.014Z",
            "created_by": 1,
            "updated_at": "2023-11-17T10:17:29.145Z",
            "updated_by": 1,
            "active": true,
            "expected_amount": 17500000,
            "approved_amount": 45000000,
            "payment": 57,
            "project": 2,
            "notes": "",
            "comments": []
        }
    },
    {
        "model": "app.certification",
        "fields": {
            "created_at": "2023-11-17T10:14:47.014Z",
            "created_by": 1,
            "updated_at": "2023-11-17T10:17:29.145Z",
            "updated_by": 1,
            "active": true,
            "expected_amount": 17500000,
            "approved_amount": 20000000,
            "payment": 57,
            "project": 3,
            "notes": "",
            "comments": []
        }
    },
    {
        "model": "app.certification",
        "fields": {
            "created_at": "2023-11-17T10:14:47.014Z",
            "created_by": 1,
            "updated_at": "2023-11-17T10:17:29.145Z",
            "updated_by": 1,
            "active": true,
            "expected_amount": 17500000,
            "approved_amount": 15000000,
            "payment": 57,
            "project": 4,
            "notes": "",
            "comments": []
        }
    },
    {
        "model": "app.certification",
        "fields": {
            "created_at": "2023-11-17T10:14:47.014Z",
            "created_by": 1,
            "updated_at": "2023-11-17T10:17:29.145Z",
            "updated_by": 1,
            "active": true,
            "expected_amount": 40000000,
            "approved_amount": 20000000,
            "payment": 58,
            "project": 1,
            "notes": "",
            "comments": []
        }
    },
    {
        "model": "app.certification",
        "fields": {
            "created_at": "2023-11-17T10:14:47.014Z",
            "created_by": 1,
            "updated_at": "2023-11-17T10:17:29.145Z",
            "updated_by": 1,
            "active": true,
            "expected_amount": 10000000,
            "approved_amount": 25000000,
            "payment": 58,
            "project": 2,
            "notes": "",
            "comments": []
        }
    },
    {
        "model": "app.certification",
        "fields": {
            "created_at": "2023-11-17T10:14:47.014Z",
            "created_by": 1,
            "updated_at": "2023-11-17T10:17:29.145Z",
            "updated_by": 1,
            "active": true,
            "expected_amount": 30000000,
            "approved_amount": 25000000,
            "payment": 58,
            "project": 3,
            "notes": "",
            "comments": []
        }
    },
    {
        "model": "app.certification",
        "fields": {
            "created_at": "2023-11-17T10:14:47.014Z",
            "created_by": 1,
            "updated_at": "2023-11-17T10:17:29.145Z",
            "updated_by": 1,
            "active": true,
            "expected_amount": 50000000,
            "approved_amount": 20000000,
            "payment": 58,
            "project": 4,
            "notes": "",
            "comments": []
        }
    },
    {
        "model": "app.certification",
        "fields": {
            "created_at": "2023-11-17T10:14:47.014Z",
            "created_by": 1,
            "updated_at": "2023-11-17T10:17:29.145Z",
            "updated_by": 1,
            "active": true,
            "expected_amount": 50000000,
            "approved_amount": 50000000,
            "payment": 59,
            "project": 1,
            "notes": "",
            "comments": []
        }
    },
    {
        "model": "app.certification",
        "fields": {
            "created_at": "2023-11-17T10:14:47.014Z",
            "created_by": 1,
            "updated_at": "2023-11-17T10:17:29.145Z",
            "updated_by": 1,
            "active": true,
            "expected_amount": 50000000,
            "approved_amount": 30000000,
            "payment": 59,
            "project": 2,
            "notes": "",
            "comments": []
        }
    },
    {
        "model": "app.certification",
        "fields": {
            "created_at": "2023-11-17T10:14:47.014Z",
            "created_by": 1,
            "updated_at": "2023-11-17T10:17:29.145Z",
            "updated_by": 1,
            "active": true,
            "expected_amount": 25000000,
            "approved_amount": 30000000,
            "payment": 59,
            "project": 3,
            "notes": "",
            "comments": []
        }
    },
    {
        "model": "app.certification",
        "fields": {
            "created_at": "2023-11-17T10:14:47.014Z",
            "created_by": 1,
            "updated_at": "2023-11-17T10:17:29.145Z",
            "updated_by": 1,
            "active": true,
            "expected_amount": 25000000,
            "approved_amount": 30000000,
            "payment": 59,
            "project": 4,
            "notes": "",
            "comments": []
        }
    },
    {
        "model": "app.certification",
        "fields": {
            "created_at": "2023-11-17T10:14:47.014Z",
            "created_by": 1,
            "updated_at": "2023-11-17T10:17:29.145Z",
            "updated_by": 1,
            "active": true,
            "expected_amount": 10000000,
            "approved_amount": 20000000,
            "payment": 60,
            "project": 1,
            "notes": "",
            "comments": []
        }
    },
    {
        "model": "app.certification",
        "fields": {
            "created_at": "2023-11-17T10:14:47.014Z",
            "created_by": 1,
            "updated_at": "2023-11-17T10:17:29.145Z",
            "updated_by": 1,
            "active": true,
            "expected_amount": 20000000,
            "approved_amount": 20000000,
            "payment": 60,
            "project": 2,
            "notes": "",
            "comments": []
        }
    },
    {
        "model": "app.certification",
        "fields": {
            "created_at": "2023-11-17T10:14:47.014Z",
            "created_by": 1,
            "updated_at": "2023-11-17T10:17:29.145Z",
            "updated_by": 1,
            "active": true,
            "expected_amount": 30000000,
            "approved_amount": 20000000,
            "payment": 60,
            "project": 3,
            "notes": "",
            "comments": []
        }
    },
    {
        "model": "app.certification",
        "fields": {
            "created_at": "2023-11-17T10:14:47.014Z",
            "created_by": 1,
            "updated_at": "2023-11-17T10:17:29.145Z",
            "updated_by": 1,
            "active": true,
            "expected_amount": 20000000,
            "approved_amount": 20000000,
            "payment": 60,
            "project": 4,
            "notes": "",
            "comments": []
        }
    },
    {
        "model": "app.certification",
        "fields": {
            "created_at": "2023-11-17T10:14:47.014Z",
            "created_by": 1,
            "updated_at": "2023-11-17T10:17:29.145Z",
            "updated_by": 1,
            "active": true,
            "expected_amount": 35000000,
            "approved_amount": null,
            "payment": 61,
            "project": 1,
            "notes": "",
            "comments": []
        }
    },
    {
        "model": "app.certification",
        "fields": {
            "created_at": "2023-11-17T10:14:47.014Z",
            "created_by": 1,
            "updated_at": "2023-11-17T10:17:29.145Z",
            "updated_by": 1,
            "active": true,
            "expected_amount": 55000000,
            "approved_amount": null,
            "payment": 61,
            "project": 2,
            "notes": "",
            "comments": []
        }
    },
    {
        "model": "app.certification",
        "fields": {
            "created_at": "2023-11-17T10:14:47.014Z",
            "created_by": 1,
            "updated_at": "2023-11-17T10:17:29.145Z",
            "updated_by": 1,
            "active": true,
            "expected_amount": 35000000,
            "approved_amount": null,
            "payment": 61,
            "project": 3,
            "notes": "",
            "comments": []
        }
    },
    {
        "model": "app.certification",
        "fields": {
            "created_at": "2023-11-17T10:14:47.014Z",
            "created_by": 1,
            "updated_at": "2023-11-17T10:17:29.145Z",
            "updated_by": 1,
            "active": true,
            "expected_amount": 45000000,
            "approved_amount": null,
            "payment": 61,
            "project": 4,
            "notes": "",
            "comments": []
        }
    },
    {
        "model": "app.certification",
        "fields": {
            "created_at": "2023-11-17T10:14:47.014Z",
            "created_by": 1,
            "updated_at": "2023-11-17T10:17:29.145Z",
            "updated_by": 1,
            "active": true,
            "expected_amount": 20000000,
            "approved_amount": null,
            "payment": 62,
            "project": 1,
            "notes": "",
            "comments": []
        }
    },
    {
        "model": "app.certification",
        "fields": {
            "created_at": "2023-11-17T10:14:47.014Z",
            "created_by": 1,
            "updated_at": "2023-11-17T10:17:29.145Z",
            "updated_by": 1,
            "active": true,
            "expected_amount": 10000000,
            "approved_amount": null,
            "payment": 62,
            "project": 2,
            "notes": "",
            "comments": []
        }
    },
    {
        "model": "app.certification",
        "fields": {
            "created_at": "2023-11-17T10:14:47.014Z",
            "created_by": 1,
            "updated_at": "2023-11-17T10:17:29.145Z",
            "updated_by": 1,
            "active": true,
            "expected_amount": 10000000,
            "approved_amount": null,
            "payment": 62,
            "project": 3,
            "notes": "",
            "comments": []
        }
    },
    {
        "model": "app.certification",
        "fields": {
            "created_at": "2023-11-17T10:14:47.014Z",
            "created_by": 1,
            "updated_at": "2023-11-17T10:17:29.145Z",
            "updated_by": 1,
            "active": true,
            "expected_amount": 10000000,
            "approved_amount": null,
            "payment": 62,
            "project": 4,
            "notes": "",
            "comments": []
        }
    }
]
